,p0,p1,p2,p3,qf1,qf2,qf3,Q1,Q2,Q3,rhs_b
tip_Q1_zero,0.0,0.0,0.0,0.0,0.0,0.0,0.0,1.0,0.0,0.0,0.0
continuity_node_1,0.0,0.0,0.0,0.0,-70.0,0.0,0.0,-1.0,1.0,0.0,0.0
continuity_node_2,0.0,0.0,0.0,0.0,0.0,-70.0,0.0,0.0,-1.0,1.0,0.0
well_control,0.0,0.0,0.0,1.0,0.0,0.0,0.0,0.0,0.0,0.0,3000.0
Darcy_panel_1,1.0,-1.0,0.0,0.0,-79.06017540400579,0.0,0.0,-2.2588621544001657,0.0,0.0,0.0
Darcy_panel_2,0.0,1.0,-1.0,0.0,0.0,-79.06017540400579,0.0,0.0,-2.2588621544001657,0.0,0.0
Darcy_panel_3,0.0,0.0,1.0,-1.0,0.0,0.0,-79.06017540400579,0.0,0.0,-2.2588621544001657,0.0
center_coupling_1,1.0,0.0,0.0,0.0,68.79181077001972,0.0,0.0,-1.1294310772000828,0.0,0.0,3543.1202278972
center_coupling_2,0.0,1.0,0.0,0.0,0.0,68.79181077001972,0.0,0.0,-1.1294310772000828,0.0,3439.2113426152973
center_coupling_3,0.0,0.0,1.0,0.0,0.0,0.0,68.79181077001972,0.0,0.0,-1.1294310772000828,3226.311734571575
