t_s,x_m,p_analytic_Pa,p_numeric_Pa
0.0,0.0,25000000.0,30000000.0
0.0,2.5,30000000.0,30000000.0
0.0,5.0,30000000.0,30000000.0
0.0,7.5,30000000.0,30000000.0
0.0,10.0,30000000.0,30000000.0
0.0,12.5,30000000.0,30000000.0
0.0,15.0,30000000.0,30000000.0
0.0,17.5,30000000.0,30000000.0
0.0,20.0,30000000.0,30000000.0
0.0,22.5,30000000.0,30000000.0
0.0,25.0,30000000.0,30000000.0
0.0,27.5,30000000.0,30000000.0
0.0,30.0,30000000.0,30000000.0
0.0,32.5,30000000.0,30000000.0
0.0,35.0,30000000.0,30000000.0
0.0,37.5,30000000.0,30000000.0
0.0,40.0,30000000.0,30000000.0
0.0,42.5,30000000.0,30000000.0
0.0,45.0,30000000.0,30000000.0
0.0,47.5,30000000.0,30000000.0
0.0,50.0,30000000.0,30000000.0
0.0,52.5,30000000.0,30000000.0
0.0,55.0,30000000.0,30000000.0
0.0,57.5,30000000.0,30000000.0
0.0,60.0,30000000.0,30000000.0
0.0,62.5,30000000.0,30000000.0
0.0,65.0,30000000.0,30000000.0
0.0,67.5,30000000.0,30000000.0
0.0,70.0,30000000.0,30000000.0
0.0,72.5,30000000.0,30000000.0
0.0,75.0,30000000.0,30000000.0
0.0,77.5,30000000.0,30000000.0
0.0,80.0,30000000.0,30000000.0
0.0,82.5,30000000.0,30000000.0
0.0,85.0,30000000.0,30000000.0
0.0,87.5,30000000.0,30000000.0
0.0,90.0,30000000.0,30000000.0
0.0,92.5,30000000.0,30000000.0
0.0,95.0,30000000.0,30000000.0
0.0,97.5,30000000.0,30000000.0
0.0,100.0,30000000.0,30000000.0
0.0,102.5,30000000.0,30000000.0
0.0,105.0,30000000.0,30000000.0
0.0,107.5,30000000.0,30000000.0
0.0,110.0,30000000.0,30000000.0
0.0,112.5,30000000.0,30000000.0
0.0,115.0,30000000.0,30000000.0
0.0,117.5,30000000.0,30000000.0
0.0,120.0,30000000.0,30000000.0
0.0,122.5,30000000.0,30000000.0
0.0,125.0,30000000.0,30000000.0
0.0,127.5,30000000.0,30000000.0
0.0,130.0,30000000.0,30000000.0
0.0,132.5,30000000.0,30000000.0
0.0,135.0,30000000.0,30000000.0
0.0,137.5,30000000.0,30000000.0
0.0,140.0,30000000.0,30000000.0
0.0,142.5,30000000.0,30000000.0
0.0,145.0,30000000.0,30000000.0
0.0,147.5,30000000.0,30000000.0
0.0,150.0,30000000.0,30000000.0
0.0,152.5,30000000.0,30000000.0
0.0,155.0,30000000.0,30000000.0
0.0,157.5,30000000.0,30000000.0
0.0,160.0,30000000.0,30000000.0
0.0,162.5,30000000.0,30000000.0
0.0,165.0,30000000.0,30000000.0
0.0,167.5,30000000.0,30000000.0
0.0,170.0,30000000.0,30000000.0
0.0,172.5,30000000.0,30000000.0
0.0,175.0,30000000.0,30000000.0
0.0,177.5,30000000.0,30000000.0
0.0,180.0,30000000.0,30000000.0
0.0,182.5,30000000.0,30000000.0
0.0,185.0,30000000.0,30000000.0
0.0,187.5,30000000.0,30000000.0
0.0,190.0,30000000.0,30000000.0
0.0,192.5,30000000.0,30000000.0
0.0,195.0,30000000.0,30000000.0
0.0,197.5,30000000.0,30000000.0
0.0,200.0,30000000.0,30000000.0
0.0,202.5,30000000.0,30000000.0
0.0,205.0,30000000.0,30000000.0
0.0,207.5,30000000.0,30000000.0
0.0,210.0,30000000.0,30000000.0
0.0,212.5,30000000.0,30000000.0
0.0,215.0,30000000.0,30000000.0
0.0,217.5,30000000.0,30000000.0
0.0,220.0,30000000.0,30000000.0
0.0,222.5,30000000.0,30000000.0
0.0,225.0,30000000.0,30000000.0
0.0,227.5,30000000.0,30000000.0
0.0,230.0,30000000.0,30000000.0
0.0,232.5,30000000.0,30000000.0
0.0,235.0,30000000.0,30000000.0
0.0,237.5,30000000.0,30000000.0
0.0,240.0,30000000.0,30000000.0
0.0,242.5,30000000.0,30000000.0
0.0,245.0,30000000.0,30000000.0
0.0,247.5,30000000.0,30000000.0
0.0,250.0,30000000.0,30000000.0
0.0,252.5,30000000.0,30000000.0
0.0,255.0,30000000.0,30000000.0
0.0,257.5,30000000.0,30000000.0
0.0,260.0,30000000.0,30000000.0
0.0,262.5,30000000.0,30000000.0
0.0,265.0,30000000.0,30000000.0
0.0,267.5,30000000.0,30000000.0
0.0,270.0,30000000.0,30000000.0
0.0,272.5,30000000.0,30000000.0
0.0,275.0,30000000.0,30000000.0
0.0,277.5,30000000.0,30000000.0
0.0,280.0,30000000.0,30000000.0
0.0,282.5,30000000.0,30000000.0
0.0,285.0,30000000.0,30000000.0
0.0,287.5,30000000.0,30000000.0
0.0,290.0,30000000.0,30000000.0
0.0,292.5,30000000.0,30000000.0
0.0,295.0,30000000.0,30000000.0
0.0,297.5,30000000.0,30000000.0
0.0,300.0,30000000.0,30000000.0
0.0,302.5,30000000.0,30000000.0
0.0,305.0,30000000.0,30000000.0
0.0,307.5,30000000.0,30000000.0
0.0,310.0,30000000.0,30000000.0
0.0,312.5,30000000.0,30000000.0
0.0,315.0,30000000.0,30000000.0
0.0,317.5,30000000.0,30000000.0
0.0,320.0,30000000.0,30000000.0
0.0,322.5,30000000.0,30000000.0
0.0,325.0,30000000.0,30000000.0
0.0,327.5,30000000.0,30000000.0
0.0,330.0,30000000.0,30000000.0
0.0,332.5,30000000.0,30000000.0
0.0,335.0,30000000.0,30000000.0
0.0,337.5,30000000.0,30000000.0
0.0,340.0,30000000.0,30000000.0
0.0,342.5,30000000.0,30000000.0
0.0,345.0,30000000.0,30000000.0
0.0,347.5,30000000.0,30000000.0
0.0,350.0,30000000.0,30000000.0
0.0,352.5,30000000.0,30000000.0
0.0,355.0,30000000.0,30000000.0
0.0,357.5,30000000.0,30000000.0
0.0,360.0,30000000.0,30000000.0
0.0,362.5,30000000.0,30000000.0
0.0,365.0,30000000.0,30000000.0
0.0,367.5,30000000.0,30000000.0
0.0,370.0,30000000.0,30000000.0
0.0,372.5,30000000.0,30000000.0
0.0,375.0,30000000.0,30000000.0
0.0,377.5,30000000.0,30000000.0
0.0,380.0,30000000.0,30000000.0
0.0,382.5,30000000.0,30000000.0
0.0,385.0,30000000.0,30000000.0
0.0,387.5,30000000.0,30000000.0
0.0,390.0,30000000.0,30000000.0
0.0,392.5,30000000.0,30000000.0
0.0,395.0,30000000.0,30000000.0
0.0,397.5,30000000.0,30000000.0
0.0,400.0,30000000.0,30000000.0
0.0,402.5,30000000.0,30000000.0
0.0,405.0,30000000.0,30000000.0
0.0,407.5,30000000.0,30000000.0
0.0,410.0,30000000.0,30000000.0
0.0,412.5,30000000.0,30000000.0
0.0,415.0,30000000.0,30000000.0
0.0,417.5,30000000.0,30000000.0
0.0,420.0,30000000.0,30000000.0
0.0,422.5,30000000.0,30000000.0
0.0,425.0,30000000.0,30000000.0
0.0,427.5,30000000.0,30000000.0
0.0,430.0,30000000.0,30000000.0
0.0,432.5,30000000.0,30000000.0
0.0,435.0,30000000.0,30000000.0
0.0,437.5,30000000.0,30000000.0
0.0,440.0,30000000.0,30000000.0
0.0,442.5,30000000.0,30000000.0
0.0,445.0,30000000.0,30000000.0
0.0,447.5,30000000.0,30000000.0
0.0,450.0,30000000.0,30000000.0
0.0,452.5,30000000.0,30000000.0
0.0,455.0,30000000.0,30000000.0
0.0,457.5,30000000.0,30000000.0
0.0,460.0,30000000.0,30000000.0
0.0,462.5,30000000.0,30000000.0
0.0,465.0,30000000.0,30000000.0
0.0,467.5,30000000.0,30000000.0
0.0,470.0,30000000.0,30000000.0
0.0,472.5,30000000.0,30000000.0
0.0,475.0,30000000.0,30000000.0
0.0,477.5,30000000.0,30000000.0
0.0,480.0,30000000.0,30000000.0
0.0,482.5,30000000.0,30000000.0
0.0,485.0,30000000.0,30000000.0
0.0,487.5,30000000.0,30000000.0
0.0,490.0,30000000.0,30000000.0
0.0,492.5,30000000.0,30000000.0
0.0,495.0,30000000.0,30000000.0
0.0,497.5,30000000.0,30000000.0
0.0,500.0,30000000.0,30000000.0
0.0,502.5,30000000.0,30000000.0
0.0,505.0,30000000.0,30000000.0
0.0,507.5,30000000.0,30000000.0
0.0,510.0,30000000.0,30000000.0
0.0,512.5,30000000.0,30000000.0
0.0,515.0,30000000.0,30000000.0
0.0,517.5,30000000.0,30000000.0
0.0,520.0,30000000.0,30000000.0
0.0,522.5,30000000.0,30000000.0
0.0,525.0,30000000.0,30000000.0
0.0,527.5,30000000.0,30000000.0
0.0,530.0,30000000.0,30000000.0
0.0,532.5,30000000.0,30000000.0
0.0,535.0,30000000.0,30000000.0
0.0,537.5,30000000.0,30000000.0
0.0,540.0,30000000.0,30000000.0
0.0,542.5,30000000.0,30000000.0
0.0,545.0,30000000.0,30000000.0
0.0,547.5,30000000.0,30000000.0
0.0,550.0,30000000.0,30000000.0
0.0,552.5,30000000.0,30000000.0
0.0,555.0,30000000.0,30000000.0
0.0,557.5,30000000.0,30000000.0
0.0,560.0,30000000.0,30000000.0
0.0,562.5,30000000.0,30000000.0
0.0,565.0,30000000.0,30000000.0
0.0,567.5,30000000.0,30000000.0
0.0,570.0,30000000.0,30000000.0
0.0,572.5,30000000.0,30000000.0
0.0,575.0,30000000.0,30000000.0
0.0,577.5,30000000.0,30000000.0
0.0,580.0,30000000.0,30000000.0
0.0,582.5,30000000.0,30000000.0
0.0,585.0,30000000.0,30000000.0
0.0,587.5,30000000.0,30000000.0
0.0,590.0,30000000.0,30000000.0
0.0,592.5,30000000.0,30000000.0
0.0,595.0,30000000.0,30000000.0
0.0,597.5,30000000.0,30000000.0
0.0,600.0,30000000.0,30000000.0
0.0,602.5,30000000.0,30000000.0
0.0,605.0,30000000.0,30000000.0
0.0,607.5,30000000.0,30000000.0
0.0,610.0,30000000.0,30000000.0
0.0,612.5,30000000.0,30000000.0
0.0,615.0,30000000.0,30000000.0
0.0,617.5,30000000.0,30000000.0
0.0,620.0,30000000.0,30000000.0
0.0,622.5,30000000.0,30000000.0
0.0,625.0,30000000.0,30000000.0
0.0,627.5,30000000.0,30000000.0
0.0,630.0,30000000.0,30000000.0
0.0,632.5,30000000.0,30000000.0
0.0,635.0,30000000.0,30000000.0
0.0,637.5,30000000.0,30000000.0
0.0,640.0,30000000.0,30000000.0
0.0,642.5,30000000.0,30000000.0
0.0,645.0,30000000.0,30000000.0
0.0,647.5,30000000.0,30000000.0
0.0,650.0,30000000.0,30000000.0
0.0,652.5,30000000.0,30000000.0
0.0,655.0,30000000.0,30000000.0
0.0,657.5,30000000.0,30000000.0
0.0,660.0,30000000.0,30000000.0
0.0,662.5,30000000.0,30000000.0
0.0,665.0,30000000.0,30000000.0
0.0,667.5,30000000.0,30000000.0
0.0,670.0,30000000.0,30000000.0
0.0,672.5,30000000.0,30000000.0
0.0,675.0,30000000.0,30000000.0
0.0,677.5,30000000.0,30000000.0
0.0,680.0,30000000.0,30000000.0
0.0,682.5,30000000.0,30000000.0
0.0,685.0,30000000.0,30000000.0
0.0,687.5,30000000.0,30000000.0
0.0,690.0,30000000.0,30000000.0
0.0,692.5,30000000.0,30000000.0
0.0,695.0,30000000.0,30000000.0
0.0,697.5,30000000.0,30000000.0
0.0,700.0,30000000.0,30000000.0
0.0,702.5,30000000.0,30000000.0
0.0,705.0,30000000.0,30000000.0
0.0,707.5,30000000.0,30000000.0
0.0,710.0,30000000.0,30000000.0
0.0,712.5,30000000.0,30000000.0
0.0,715.0,30000000.0,30000000.0
0.0,717.5,30000000.0,30000000.0
0.0,720.0,30000000.0,30000000.0
0.0,722.5,30000000.0,30000000.0
0.0,725.0,30000000.0,30000000.0
0.0,727.5,30000000.0,30000000.0
0.0,730.0,30000000.0,30000000.0
0.0,732.5,30000000.0,30000000.0
0.0,735.0,30000000.0,30000000.0
0.0,737.5,30000000.0,30000000.0
0.0,740.0,30000000.0,30000000.0
0.0,742.5,30000000.0,30000000.0
0.0,745.0,30000000.0,30000000.0
0.0,747.5,30000000.0,30000000.0
0.0,750.0,30000000.0,30000000.0
0.0,752.5,30000000.0,30000000.0
0.0,755.0,30000000.0,30000000.0
0.0,757.5,30000000.0,30000000.0
0.0,760.0,30000000.0,30000000.0
0.0,762.5,30000000.0,30000000.0
0.0,765.0,30000000.0,30000000.0
0.0,767.5,30000000.0,30000000.0
0.0,770.0,30000000.0,30000000.0
0.0,772.5,30000000.0,30000000.0
0.0,775.0,30000000.0,30000000.0
0.0,777.5,30000000.0,30000000.0
0.0,780.0,30000000.0,30000000.0
0.0,782.5,30000000.0,30000000.0
0.0,785.0,30000000.0,30000000.0
0.0,787.5,30000000.0,30000000.0
0.0,790.0,30000000.0,30000000.0
0.0,792.5,30000000.0,30000000.0
0.0,795.0,30000000.0,30000000.0
0.0,797.5,30000000.0,30000000.0
0.0,800.0,30000000.0,30000000.0
0.0,802.5,30000000.0,30000000.0
0.0,805.0,30000000.0,30000000.0
0.0,807.5,30000000.0,30000000.0
0.0,810.0,30000000.0,30000000.0
0.0,812.5,30000000.0,30000000.0
0.0,815.0,30000000.0,30000000.0
0.0,817.5,30000000.0,30000000.0
0.0,820.0,30000000.0,30000000.0
0.0,822.5,30000000.0,30000000.0
0.0,825.0,30000000.0,30000000.0
0.0,827.5,30000000.0,30000000.0
0.0,830.0,30000000.0,30000000.0
0.0,832.5,30000000.0,30000000.0
0.0,835.0,30000000.0,30000000.0
0.0,837.5,30000000.0,30000000.0
0.0,840.0,30000000.0,30000000.0
0.0,842.5,30000000.0,30000000.0
0.0,845.0,30000000.0,30000000.0
0.0,847.5,30000000.0,30000000.0
0.0,850.0,30000000.0,30000000.0
0.0,852.5,30000000.0,30000000.0
0.0,855.0,30000000.0,30000000.0
0.0,857.5,30000000.0,30000000.0
0.0,860.0,30000000.0,30000000.0
0.0,862.5,30000000.0,30000000.0
0.0,865.0,30000000.0,30000000.0
0.0,867.5,30000000.0,30000000.0
0.0,870.0,30000000.0,30000000.0
0.0,872.5,30000000.0,30000000.0
0.0,875.0,30000000.0,30000000.0
0.0,877.5,30000000.0,30000000.0
0.0,880.0,30000000.0,30000000.0
0.0,882.5,30000000.0,30000000.0
0.0,885.0,30000000.0,30000000.0
0.0,887.5,30000000.0,30000000.0
0.0,890.0,30000000.0,30000000.0
0.0,892.5,30000000.0,30000000.0
0.0,895.0,30000000.0,30000000.0
0.0,897.5,30000000.0,30000000.0
0.0,900.0,30000000.0,30000000.0
0.0,902.5,30000000.0,30000000.0
0.0,905.0,30000000.0,30000000.0
0.0,907.5,30000000.0,30000000.0
0.0,910.0,30000000.0,30000000.0
0.0,912.5,30000000.0,30000000.0
0.0,915.0,30000000.0,30000000.0
0.0,917.5,30000000.0,30000000.0
0.0,920.0,30000000.0,30000000.0
0.0,922.5,30000000.0,30000000.0
0.0,925.0,30000000.0,30000000.0
0.0,927.5,30000000.0,30000000.0
0.0,930.0,30000000.0,30000000.0
0.0,932.5,30000000.0,30000000.0
0.0,935.0,30000000.0,30000000.0
0.0,937.5,30000000.0,30000000.0
0.0,940.0,30000000.0,30000000.0
0.0,942.5,30000000.0,30000000.0
0.0,945.0,30000000.0,30000000.0
0.0,947.5,30000000.0,30000000.0
0.0,950.0,30000000.0,30000000.0
0.0,952.5,30000000.0,30000000.0
0.0,955.0,30000000.0,30000000.0
0.0,957.5,30000000.0,30000000.0
0.0,960.0,30000000.0,30000000.0
0.0,962.5,30000000.0,30000000.0
0.0,965.0,30000000.0,30000000.0
0.0,967.5,30000000.0,30000000.0
0.0,970.0,30000000.0,30000000.0
0.0,972.5,30000000.0,30000000.0
0.0,975.0,30000000.0,30000000.0
0.0,977.5,30000000.0,30000000.0
0.0,980.0,30000000.0,30000000.0
0.0,982.5,30000000.0,30000000.0
0.0,985.0,30000000.0,30000000.0
0.0,987.5,30000000.0,30000000.0
0.0,990.0,30000000.0,30000000.0
0.0,992.5,30000000.0,30000000.0
0.0,995.0,30000000.0,30000000.0
0.0,997.5,30000000.0,30000000.0
0.0,1000.0,30000000.0,30000000.0
3888.0,0.0,25000000.0,25000000.0
3888.0,2.5,25504457.56349178,25484324.027752727
3888.0,5.0,26000881.434202984,26056919.71503695
3888.0,7.5,26481619.701110154,26554999.948527988
3888.0,10.0,26939753.937980384,27016925.271525316
3888.0,12.5,27369394.04911431,27455143.30657822
3888.0,15.0,27765895.616456512,27862247.15652044
3888.0,17.5,28125987.233852033,28229808.243541926
3888.0,20.0,28447804.342156474,28554026.574793376
3888.0,22.5,28730834.85392063,28834882.551820297
3888.0,25.0,28975789.338612076,29074328.42360589
3888.0,27.5,29184413.95022865,29275216.262566656
3888.0,30.0,29359267.193671603,29440898.216452934
3888.0,32.5,29503481.998597894,29575097.7250457
3888.0,35.0,29620532.694706637,29681798.417826734
3888.0,37.5,29714022.908186987,29765079.065431077
3888.0,40.0,29787505.809548736,29828918.815995026
3888.0,42.5,29844343.239125434,29877019.03280873
3888.0,45.0,29887605.633169375,29912674.372195672
3888.0,47.5,29920010.828975003,29938704.130050294
3888.0,50.0,29943897.01051963,29957438.34592694
3888.0,52.5,29961223.34844867,29970744.744620033
3888.0,55.0,29973591.215279628,29980080.785664834
3888.0,57.5,29982279.034660608,29986557.167016175
3888.0,60.0,29988284.61144812,29991002.76733779
3888.0,62.5,29992369.93650252,29994024.7245601
3888.0,65.0,29995104.742082473,29996060.404253572
3888.0,67.5,29996906.32492807,29997420.190602206
3888.0,70.0,29998074.236476947,29998321.397322707
3888.0,72.5,29998819.300505187,29998914.323650837
3888.0,75.0,29999287.041204598,29999301.768034473
3888.0,77.5,29999576.00580306,29999553.32811097
3888.0,80.0,29999751.68163807,29999715.685706556
3888.0,82.5,29999856.782750595,29999819.88432511
3888.0,85.0,29999918.65992769,29999886.404939223
3888.0,87.5,29999954.509300042,29999928.661083266
3888.0,90.0,29999974.94834022,29999955.3779974
3888.0,92.5,29999986.415802136,29999972.195411
3888.0,95.0,29999992.74723456,29999982.73717739
3888.0,97.5,29999996.187282518,29999989.31899155
3888.0,100.0,29999998.02659221,29999993.412968554
3888.0,102.5,29999998.99436422,29999995.950407885
3888.0,105.0,29999999.495458074,29999997.51778452
3888.0,107.5,29999999.750782825,29999998.482834965
3888.0,110.0,29999999.878807753,29999999.07520375
3888.0,112.5,29999999.94197966,29999999.43774869
3888.0,115.0,29999999.972654425,29999999.659015853
3888.0,117.5,29999999.987312138,29999999.7936985
3888.0,120.0,29999999.99420467,29999999.875468988
3888.0,122.5,29999999.99739415,29999999.924993373
3888.0,125.0,29999999.998846553,29999999.95491767
3888.0,127.5,29999999.999497406,29999999.972958345
3888.0,130.0,29999999.999784425,29999999.983811226
3888.0,132.5,29999999.99990898,29999999.990326583
3888.0,135.0,29999999.99996217,29999999.99423019
3888.0,137.5,29999999.99998452,29999999.996564522
3888.0,140.0,29999999.999993768,29999999.99795787
3888.0,142.5,29999999.99999753,29999999.998788074
3888.0,145.0,29999999.999999035,29999999.999281887
3888.0,147.5,29999999.99999963,29999999.99957513
3888.0,150.0,29999999.99999986,29999999.999748994
3888.0,152.5,29999999.999999948,29999999.999851912
3888.0,155.0,29999999.99999998,29999999.99991275
3888.0,157.5,29999999.999999993,29999999.999948658
3888.0,160.0,29999999.999999996,29999999.99996983
3888.0,162.5,30000000.0,29999999.99998229
3888.0,165.0,30000000.0,29999999.999989618
3888.0,167.5,30000000.0,29999999.999993913
3888.0,170.0,30000000.0,29999999.99999644
3888.0,172.5,30000000.0,29999999.999997914
3888.0,175.0,30000000.0,29999999.999998778
3888.0,177.5,30000000.0,29999999.999999285
3888.0,180.0,30000000.0,29999999.999999575
3888.0,182.5,30000000.0,29999999.999999747
3888.0,185.0,30000000.0,29999999.999999844
3888.0,187.5,30000000.0,29999999.999999903
3888.0,190.0,30000000.0,29999999.999999933
3888.0,192.5,30000000.0,29999999.999999955
3888.0,195.0,30000000.0,29999999.99999997
3888.0,197.5,30000000.0,29999999.999999978
3888.0,200.0,30000000.0,29999999.99999998
3888.0,202.5,30000000.0,29999999.999999985
3888.0,205.0,30000000.0,29999999.999999985
3888.0,207.5,30000000.0,29999999.999999985
3888.0,210.0,30000000.0,29999999.999999985
3888.0,212.5,30000000.0,29999999.999999985
3888.0,215.0,30000000.0,29999999.999999985
3888.0,217.5,30000000.0,29999999.999999985
3888.0,220.0,30000000.0,29999999.999999985
3888.0,222.5,30000000.0,29999999.999999985
3888.0,225.0,30000000.0,29999999.999999985
3888.0,227.5,30000000.0,29999999.999999985
3888.0,230.0,30000000.0,29999999.999999985
3888.0,232.5,30000000.0,29999999.999999985
3888.0,235.0,30000000.0,29999999.999999985
3888.0,237.5,30000000.0,29999999.999999985
3888.0,240.0,30000000.0,29999999.999999985
3888.0,242.5,30000000.0,29999999.999999985
3888.0,245.0,30000000.0,29999999.999999985
3888.0,247.5,30000000.0,29999999.999999985
3888.0,250.0,30000000.0,29999999.999999985
3888.0,252.5,30000000.0,29999999.999999985
3888.0,255.0,30000000.0,29999999.999999985
3888.0,257.5,30000000.0,29999999.999999985
3888.0,260.0,30000000.0,29999999.999999985
3888.0,262.5,30000000.0,29999999.999999985
3888.0,265.0,30000000.0,29999999.999999985
3888.0,267.5,30000000.0,29999999.999999985
3888.0,270.0,30000000.0,29999999.999999985
3888.0,272.5,30000000.0,29999999.999999985
3888.0,275.0,30000000.0,29999999.999999985
3888.0,277.5,30000000.0,29999999.999999985
3888.0,280.0,30000000.0,29999999.999999985
3888.0,282.5,30000000.0,29999999.999999985
3888.0,285.0,30000000.0,29999999.999999985
3888.0,287.5,30000000.0,29999999.999999985
3888.0,290.0,30000000.0,29999999.999999985
3888.0,292.5,30000000.0,29999999.999999985
3888.0,295.0,30000000.0,29999999.999999985
3888.0,297.5,30000000.0,29999999.999999985
3888.0,300.0,30000000.0,29999999.999999985
3888.0,302.5,30000000.0,29999999.999999985
3888.0,305.0,30000000.0,29999999.999999985
3888.0,307.5,30000000.0,29999999.999999985
3888.0,310.0,30000000.0,29999999.999999985
3888.0,312.5,30000000.0,29999999.999999985
3888.0,315.0,30000000.0,29999999.999999985
3888.0,317.5,30000000.0,29999999.999999985
3888.0,320.0,30000000.0,29999999.999999985
3888.0,322.5,30000000.0,29999999.999999985
3888.0,325.0,30000000.0,29999999.999999985
3888.0,327.5,30000000.0,29999999.999999985
3888.0,330.0,30000000.0,29999999.999999985
3888.0,332.5,30000000.0,29999999.999999985
3888.0,335.0,30000000.0,29999999.999999985
3888.0,337.5,30000000.0,29999999.999999985
3888.0,340.0,30000000.0,29999999.999999985
3888.0,342.5,30000000.0,29999999.999999985
3888.0,345.0,30000000.0,29999999.999999985
3888.0,347.5,30000000.0,29999999.999999985
3888.0,350.0,30000000.0,29999999.999999985
3888.0,352.5,30000000.0,29999999.999999985
3888.0,355.0,30000000.0,29999999.999999985
3888.0,357.5,30000000.0,29999999.999999985
3888.0,360.0,30000000.0,29999999.999999985
3888.0,362.5,30000000.0,29999999.999999985
3888.0,365.0,30000000.0,29999999.999999985
3888.0,367.5,30000000.0,29999999.999999985
3888.0,370.0,30000000.0,29999999.999999985
3888.0,372.5,30000000.0,29999999.999999985
3888.0,375.0,30000000.0,29999999.999999985
3888.0,377.5,30000000.0,29999999.999999985
3888.0,380.0,30000000.0,29999999.999999985
3888.0,382.5,30000000.0,29999999.999999985
3888.0,385.0,30000000.0,29999999.999999985
3888.0,387.5,30000000.0,29999999.999999985
3888.0,390.0,30000000.0,29999999.999999985
3888.0,392.5,30000000.0,29999999.999999985
3888.0,395.0,30000000.0,29999999.999999985
3888.0,397.5,30000000.0,29999999.999999985
3888.0,400.0,30000000.0,29999999.999999985
3888.0,402.5,30000000.0,29999999.999999985
3888.0,405.0,30000000.0,29999999.999999985
3888.0,407.5,30000000.0,29999999.999999985
3888.0,410.0,30000000.0,29999999.999999985
3888.0,412.5,30000000.0,29999999.999999985
3888.0,415.0,30000000.0,29999999.999999985
3888.0,417.5,30000000.0,29999999.999999985
3888.0,420.0,30000000.0,29999999.999999985
3888.0,422.5,30000000.0,29999999.999999985
3888.0,425.0,30000000.0,29999999.999999985
3888.0,427.5,30000000.0,29999999.999999985
3888.0,430.0,30000000.0,29999999.999999985
3888.0,432.5,30000000.0,29999999.999999985
3888.0,435.0,30000000.0,29999999.999999985
3888.0,437.5,30000000.0,29999999.999999985
3888.0,440.0,30000000.0,29999999.999999985
3888.0,442.5,30000000.0,29999999.999999985
3888.0,445.0,30000000.0,29999999.999999985
3888.0,447.5,30000000.0,29999999.999999985
3888.0,450.0,30000000.0,29999999.999999985
3888.0,452.5,30000000.0,29999999.999999985
3888.0,455.0,30000000.0,29999999.999999985
3888.0,457.5,30000000.0,29999999.999999985
3888.0,460.0,30000000.0,29999999.999999985
3888.0,462.5,30000000.0,29999999.999999985
3888.0,465.0,30000000.0,29999999.999999985
3888.0,467.5,30000000.0,29999999.999999985
3888.0,470.0,30000000.0,29999999.999999985
3888.0,472.5,30000000.0,29999999.999999985
3888.0,475.0,30000000.0,29999999.999999985
3888.0,477.5,30000000.0,29999999.999999985
3888.0,480.0,30000000.0,29999999.999999985
3888.0,482.5,30000000.0,29999999.999999985
3888.0,485.0,30000000.0,29999999.999999985
3888.0,487.5,30000000.0,29999999.999999985
3888.0,490.0,30000000.0,29999999.999999985
3888.0,492.5,30000000.0,29999999.999999985
3888.0,495.0,30000000.0,29999999.999999985
3888.0,497.5,30000000.0,29999999.999999985
3888.0,500.0,30000000.0,29999999.999999985
3888.0,502.5,30000000.0,29999999.999999985
3888.0,505.0,30000000.0,29999999.999999985
3888.0,507.5,30000000.0,29999999.999999985
3888.0,510.0,30000000.0,29999999.999999985
3888.0,512.5,30000000.0,29999999.999999985
3888.0,515.0,30000000.0,29999999.999999985
3888.0,517.5,30000000.0,29999999.999999985
3888.0,520.0,30000000.0,29999999.999999985
3888.0,522.5,30000000.0,29999999.999999985
3888.0,525.0,30000000.0,29999999.999999985
3888.0,527.5,30000000.0,29999999.999999985
3888.0,530.0,30000000.0,29999999.999999985
3888.0,532.5,30000000.0,29999999.999999985
3888.0,535.0,30000000.0,29999999.999999985
3888.0,537.5,30000000.0,29999999.999999985
3888.0,540.0,30000000.0,29999999.999999985
3888.0,542.5,30000000.0,29999999.999999985
3888.0,545.0,30000000.0,29999999.999999985
3888.0,547.5,30000000.0,29999999.999999985
3888.0,550.0,30000000.0,29999999.999999985
3888.0,552.5,30000000.0,29999999.999999985
3888.0,555.0,30000000.0,29999999.999999985
3888.0,557.5,30000000.0,29999999.999999985
3888.0,560.0,30000000.0,29999999.999999985
3888.0,562.5,30000000.0,29999999.999999985
3888.0,565.0,30000000.0,29999999.999999985
3888.0,567.5,30000000.0,29999999.999999985
3888.0,570.0,30000000.0,29999999.999999985
3888.0,572.5,30000000.0,29999999.999999985
3888.0,575.0,30000000.0,29999999.999999985
3888.0,577.5,30000000.0,29999999.999999985
3888.0,580.0,30000000.0,29999999.999999985
3888.0,582.5,30000000.0,29999999.999999985
3888.0,585.0,30000000.0,29999999.999999985
3888.0,587.5,30000000.0,29999999.999999985
3888.0,590.0,30000000.0,29999999.999999985
3888.0,592.5,30000000.0,29999999.999999985
3888.0,595.0,30000000.0,29999999.999999985
3888.0,597.5,30000000.0,29999999.999999985
3888.0,600.0,30000000.0,29999999.999999985
3888.0,602.5,30000000.0,29999999.999999985
3888.0,605.0,30000000.0,29999999.999999985
3888.0,607.5,30000000.0,29999999.999999985
3888.0,610.0,30000000.0,29999999.999999985
3888.0,612.5,30000000.0,29999999.999999985
3888.0,615.0,30000000.0,29999999.999999985
3888.0,617.5,30000000.0,29999999.999999985
3888.0,620.0,30000000.0,29999999.999999985
3888.0,622.5,30000000.0,29999999.999999985
3888.0,625.0,30000000.0,29999999.999999985
3888.0,627.5,30000000.0,29999999.999999985
3888.0,630.0,30000000.0,29999999.999999985
3888.0,632.5,30000000.0,29999999.999999985
3888.0,635.0,30000000.0,29999999.999999985
3888.0,637.5,30000000.0,29999999.999999985
3888.0,640.0,30000000.0,29999999.999999985
3888.0,642.5,30000000.0,29999999.999999985
3888.0,645.0,30000000.0,29999999.999999985
3888.0,647.5,30000000.0,29999999.999999985
3888.0,650.0,30000000.0,29999999.999999985
3888.0,652.5,30000000.0,29999999.999999985
3888.0,655.0,30000000.0,29999999.999999985
3888.0,657.5,30000000.0,29999999.999999985
3888.0,660.0,30000000.0,29999999.999999985
3888.0,662.5,30000000.0,29999999.999999985
3888.0,665.0,30000000.0,29999999.999999985
3888.0,667.5,30000000.0,29999999.999999985
3888.0,670.0,30000000.0,29999999.999999985
3888.0,672.5,30000000.0,29999999.999999985
3888.0,675.0,30000000.0,29999999.999999985
3888.0,677.5,30000000.0,29999999.999999985
3888.0,680.0,30000000.0,29999999.999999985
3888.0,682.5,30000000.0,29999999.999999985
3888.0,685.0,30000000.0,29999999.999999985
3888.0,687.5,30000000.0,29999999.999999985
3888.0,690.0,30000000.0,29999999.999999985
3888.0,692.5,30000000.0,29999999.999999985
3888.0,695.0,30000000.0,29999999.999999985
3888.0,697.5,30000000.0,29999999.999999985
3888.0,700.0,30000000.0,29999999.999999985
3888.0,702.5,30000000.0,29999999.999999985
3888.0,705.0,30000000.0,29999999.999999985
3888.0,707.5,30000000.0,29999999.999999985
3888.0,710.0,30000000.0,29999999.999999985
3888.0,712.5,30000000.0,29999999.999999985
3888.0,715.0,30000000.0,29999999.999999985
3888.0,717.5,30000000.0,29999999.999999985
3888.0,720.0,30000000.0,29999999.999999985
3888.0,722.5,30000000.0,29999999.999999985
3888.0,725.0,30000000.0,29999999.999999985
3888.0,727.5,30000000.0,29999999.999999985
3888.0,730.0,30000000.0,29999999.999999985
3888.0,732.5,30000000.0,29999999.999999985
3888.0,735.0,30000000.0,29999999.999999985
3888.0,737.5,30000000.0,29999999.999999985
3888.0,740.0,30000000.0,29999999.999999985
3888.0,742.5,30000000.0,29999999.999999985
3888.0,745.0,30000000.0,29999999.999999985
3888.0,747.5,30000000.0,29999999.999999985
3888.0,750.0,30000000.0,29999999.999999985
3888.0,752.5,30000000.0,29999999.999999985
3888.0,755.0,30000000.0,29999999.999999985
3888.0,757.5,30000000.0,29999999.999999985
3888.0,760.0,30000000.0,29999999.999999985
3888.0,762.5,30000000.0,29999999.999999985
3888.0,765.0,30000000.0,29999999.999999985
3888.0,767.5,30000000.0,29999999.999999985
3888.0,770.0,30000000.0,29999999.999999985
3888.0,772.5,30000000.0,29999999.999999985
3888.0,775.0,30000000.0,29999999.999999985
3888.0,777.5,30000000.0,29999999.999999985
3888.0,780.0,30000000.0,29999999.999999985
3888.0,782.5,30000000.0,29999999.999999985
3888.0,785.0,30000000.0,29999999.999999985
3888.0,787.5,30000000.0,29999999.999999985
3888.0,790.0,30000000.0,29999999.999999985
3888.0,792.5,30000000.0,29999999.999999985
3888.0,795.0,30000000.0,29999999.999999985
3888.0,797.5,30000000.0,29999999.999999985
3888.0,800.0,30000000.0,29999999.999999985
3888.0,802.5,30000000.0,29999999.999999985
3888.0,805.0,30000000.0,29999999.999999985
3888.0,807.5,30000000.0,29999999.999999985
3888.0,810.0,30000000.0,29999999.999999985
3888.0,812.5,30000000.0,29999999.999999985
3888.0,815.0,30000000.0,29999999.999999985
3888.0,817.5,30000000.0,29999999.999999985
3888.0,820.0,30000000.0,29999999.999999985
3888.0,822.5,30000000.0,29999999.999999985
3888.0,825.0,30000000.0,29999999.999999985
3888.0,827.5,30000000.0,29999999.999999985
3888.0,830.0,30000000.0,29999999.999999985
3888.0,832.5,30000000.0,29999999.999999985
3888.0,835.0,30000000.0,29999999.999999985
3888.0,837.5,30000000.0,29999999.999999985
3888.0,840.0,30000000.0,29999999.999999985
3888.0,842.5,30000000.0,29999999.999999985
3888.0,845.0,30000000.0,29999999.999999985
3888.0,847.5,30000000.0,29999999.999999985
3888.0,850.0,30000000.0,29999999.999999985
3888.0,852.5,30000000.0,29999999.999999985
3888.0,855.0,30000000.0,29999999.999999985
3888.0,857.5,30000000.0,29999999.999999985
3888.0,860.0,30000000.0,29999999.999999985
3888.0,862.5,30000000.0,29999999.999999985
3888.0,865.0,30000000.0,29999999.999999985
3888.0,867.5,30000000.0,29999999.999999985
3888.0,870.0,30000000.0,29999999.999999985
3888.0,872.5,30000000.0,29999999.999999985
3888.0,875.0,30000000.0,29999999.999999985
3888.0,877.5,30000000.0,29999999.999999985
3888.0,880.0,30000000.0,29999999.999999985
3888.0,882.5,30000000.0,29999999.999999985
3888.0,885.0,30000000.0,29999999.999999985
3888.0,887.5,30000000.0,29999999.999999985
3888.0,890.0,30000000.0,29999999.999999985
3888.0,892.5,30000000.0,29999999.999999985
3888.0,895.0,30000000.0,29999999.999999985
3888.0,897.5,30000000.0,29999999.999999985
3888.0,900.0,30000000.0,29999999.999999985
3888.0,902.5,30000000.0,29999999.999999985
3888.0,905.0,30000000.0,29999999.999999985
3888.0,907.5,30000000.0,29999999.999999985
3888.0,910.0,30000000.0,29999999.999999985
3888.0,912.5,30000000.0,29999999.999999985
3888.0,915.0,30000000.0,29999999.999999985
3888.0,917.5,30000000.0,29999999.999999985
3888.0,920.0,30000000.0,29999999.999999985
3888.0,922.5,30000000.0,29999999.999999985
3888.0,925.0,30000000.0,29999999.999999985
3888.0,927.5,30000000.0,29999999.999999985
3888.0,930.0,30000000.0,29999999.999999985
3888.0,932.5,30000000.0,29999999.999999985
3888.0,935.0,30000000.0,29999999.999999985
3888.0,937.5,30000000.0,29999999.999999985
3888.0,940.0,30000000.0,29999999.999999985
3888.0,942.5,30000000.0,29999999.999999985
3888.0,945.0,30000000.0,29999999.999999985
3888.0,947.5,30000000.0,29999999.999999985
3888.0,950.0,30000000.0,29999999.999999985
3888.0,952.5,30000000.0,29999999.999999985
3888.0,955.0,30000000.0,29999999.999999985
3888.0,957.5,30000000.0,29999999.999999985
3888.0,960.0,30000000.0,29999999.999999985
3888.0,962.5,30000000.0,29999999.999999985
3888.0,965.0,30000000.0,29999999.999999985
3888.0,967.5,30000000.0,29999999.999999985
3888.0,970.0,30000000.0,29999999.999999985
3888.0,972.5,30000000.0,29999999.999999985
3888.0,975.0,30000000.0,29999999.999999985
3888.0,977.5,30000000.0,29999999.999999985
3888.0,980.0,30000000.0,29999999.999999985
3888.0,982.5,30000000.0,29999999.999999985
3888.0,985.0,30000000.0,29999999.999999985
3888.0,987.5,30000000.0,29999999.999999985
3888.0,990.0,30000000.0,29999999.999999985
3888.0,992.5,30000000.0,29999999.99999999
3888.0,995.0,30000000.0,29999999.999999993
3888.0,997.5,30000000.0,29999999.999999996
3888.0,1000.0,30000000.0,30000000.0
21384.0,0.0,25000000.0,25000000.0
21384.0,2.5,25215572.861931812,25217263.373565055
21384.0,5.0,25430516.73200872,25433794.646415558
21384.0,7.5,25644208.118780017,25649168.560394987
21384.0,10.0,25856034.451514795,25862532.282746643
21384.0,12.5,26065399.341971412,26073429.200584736
21384.0,15.0,26271727.612382524,26281205.538543165
21384.0,17.5,26474470.019141138,26485313.02408261
21384.0,20.0,26673107.607778594,26685225.195256524
21384.0,22.5,26867155.64215526,26880445.93527633
21384.0,25.0,27056167.059151996,27070520.162626404
21384.0,27.5,27239735.40934387,27255035.356634066
21384.0,30.0,27417497.25392873,27433623.25571653
21384.0,32.5,27589133.99833302,27605961.9351411
21384.0,35.0,27754373.15318302,27771777.181899056
21384.0,37.5,27912989.023472738,27930843.127433505
21384.0,40.0,28064802.836551573,28082982.29701449
21384.0,42.5,28209682.32878332,28228065.11848879
21384.0,45.0,28347540.81920369,28366008.900558352
21384.0,47.5,28478335.80606274,28496776.312190033
21384.0,50.0,28602067.128648564,28620373.41097031
21384.0,52.5,28718774.742149178,28736847.273431573
21384.0,55.0,28828536.157454364,28846283.28278651
21384.0,57.5,28931463.60069669,28948802.13196572
21384.0,60.0,29027700.94898251,29044556.601655252
21384.0,62.5,29117420.49920277,29133728.173473664
21384.0,65.0,29200819.626101837,29216523.537485644
21384.0,67.5,29278117.38400835,29293171.05113984
21384.0,70.0,29349551.1039034,29363917.203623876
21384.0,72.5,29415373.03394493,29429023.135689475
21384.0,75.0,29475847.06732031,29488761.26034971
21384.0,77.5,29531245.596507967,29543412.024643086
21384.0,80.0,29581846.52784155,29593260.847055748
21384.0,82.5,29627930.48483395,29638595.259354487
21384.0,85.0,29669778.223174732,29679702.275662284
21384.0,87.5,29707668.274796005,29716866.00574453
21384.0,90.0,29741874.83302881,29750365.523796953
21384.0,92.5,29772665.885751702,29780472.998645708
21384.0,95.0,29800301.59865518,29807452.08628068
21384.0,97.5,29825032.946384028,29831556.581119698
21384.0,100.0,29847100.585430477,29853029.31840007
21384.0,102.5,29866733.95927306,29872101.316652276
21384.0,105.0,29884150.62341166,29888991.146347392
21384.0,107.5,29899555.775644988,29903904.508528322
21384.0,110.0,29913141.97516535,29917034.00552246
21384.0,112.5,29925089.032787398,29928559.08466486
21384.0,115.0,29935564.05385207,29938646.135300472
21384.0,117.5,29944721.615015827,29947448.719136454
21384.0,120.0,29952704.056203227,29955107.914230667
21384.0,122.5,29959641.86941832,29961752.75347415
21384.0,125.0,29965654.166825365,29967500.73929728
21384.0,127.5,29970849.211468752,29972458.417443056
21384.0,130.0,29975324.9951539,29976721.993951075
21384.0,132.5,29979169.849304847,29980377.98092802
21384.0,135.0,29982463.07600355,29983503.85819602
21384.0,137.5,29985275.587857075,29986168.739463687
21384.0,140.0,29987670.546794303,29988434.033216327
21384.0,142.5,29989703.99332906,29990354.09003848
21384.0,145.0,29991425.45921467,29991976.829534218
21384.0,147.5,29992878.55773185,29993344.34137758
21384.0,150.0,29994101.5470807,29994493.456288546
21384.0,152.5,29995127.863474388,29995456.28387858
21384.0,155.0,29995986.621549055,29996260.715335917
21384.0,157.5,29996703.080606487,29996930.889821835
21384.0,160.0,29997299.07599205,29997487.624225497
21384.0,162.5,29997793.415582366,29997948.80657986
21384.0,165.0,29998202.241919167,29998329.753981184
21384.0,167.5,29998539.360984202,29998643.536286436
21384.0,170.0,29998816.538972355,29998901.267196886
21384.0,172.5,29999043.76869515,29999112.36458047
21384.0,175.0,29999229.507443752,29999284.782052536
21384.0,177.5,29999380.888268765,29999425.213932723
21384.0,180.0,29999503.906703375,29999539.275736533
21384.0,182.5,29999603.58497548,29999631.66235283
21384.0,185.0,29999684.11573249,29999706.286012128
21384.0,187.5,29999748.987247147,29999766.39607349
21384.0,190.0,29999801.09199165,29999814.6825578
21384.0,192.5,29999842.82036728,29999853.365238473
21384.0,195.0,29999876.1412627,29999884.269973107
21384.0,197.5,29999902.670992315,29999908.893826254
21384.0,200.0,29999923.732039437,29999928.460398078
21384.0,202.5,29999940.40290203,29999943.966639515
21384.0,205.0,29999953.560213614,29999956.22230468
21384.0,207.5,29999963.914191265,29999965.883066773
21384.0,210.0,29999972.038347427,29999973.47820684
21384.0,212.5,29999978.394294582,29999979.43367576
21384.0,215.0,29999983.3523716,29999984.091230005
21384.0,217.5,29999987.20872863,29999987.724250093
21384.0,220.0,29999990.199423995,29999990.55076874
21384.0,222.5,29999992.512011077,29999992.74416186
21384.0,225.0,29999994.295026045,29999994.441890053
21384.0,227.5,29999995.66572745,29999995.752620943
21384.0,230.0,29999996.716386255,29999996.76201172
21384.0,232.5,29999997.51937882,29999997.53738778
21384.0,235.0,29999998.13129554,29999998.131515294
21384.0,237.5,29999998.596243225,29999998.585632764
21384.0,240.0,29999998.94848985,29999998.931879077
21384.0,242.5,29999999.21457495,29999999.195231788
21384.0,245.0,29999999.41498766,29999999.39504923
21384.0,247.5,29999999.565496128,29999999.546293676
21384.0,250.0,29999999.67819708,29999999.660498224
21384.0,252.5,29999999.762341477,29999999.746528804
21384.0,255.0,29999999.82498177,29999999.811182816
21384.0,257.5,29999999.871477537,29999999.85965795
21384.0,260.0,29999999.90588906,29999999.895918228
21384.0,262.5,29999999.93128273,29999999.922978982
21384.0,265.0,29999999.94996708,29999999.943127953
21384.0,267.5,29999999.96367468,29999999.958096456
21384.0,270.0,29999999.97370179,29999999.96919137
21384.0,272.5,29999999.981015224,29999999.97739674
21384.0,275.0,29999999.98633383,29999999.983451664
21384.0,277.5,29999999.99019043,29999999.987909906
21384.0,280.0,29999999.99297876,29999999.99118536
21384.0,282.5,29999999.994988836,29999999.993586622
21384.0,285.0,29999999.996433653,29999999.995343246
21384.0,287.5,29999999.99746914,29999999.996625554
21384.0,290.0,29999999.998209096,29999999.99755965
21384.0,292.5,29999999.998736326,29999999.998238683
21384.0,295.0,29999999.99911089,29999999.998731263
21384.0,297.5,29999999.999376215,29999999.999087863
21384.0,300.0,29999999.999563612,29999999.9993455
21384.0,302.5,29999999.999695584,29999999.99953126
21384.0,305.0,29999999.999788254,29999999.999664932
21384.0,307.5,29999999.999853134,29999999.999760933
21384.0,310.0,29999999.999898426,29999999.99982974
21384.0,312.5,29999999.99992995,29999999.999878965
21384.0,315.0,29999999.99995183,29999999.999914117
21384.0,317.5,29999999.99996697,29999999.999939166
21384.0,320.0,29999999.999977417,29999999.99995698
21384.0,322.5,29999999.999984603,29999999.99996963
21384.0,325.0,29999999.999989532,29999999.999978594
21384.0,327.5,29999999.999992903,29999999.99998494
21384.0,330.0,29999999.999995206,29999999.999989413
21384.0,332.5,29999999.999996766,29999999.99999257
21384.0,335.0,29999999.99999783,29999999.999994796
21384.0,337.5,29999999.999998543,29999999.999996357
21384.0,340.0,29999999.999999028,29999999.99999746
21384.0,342.5,29999999.99999935,29999999.999998227
21384.0,345.0,29999999.999999568,29999999.999998763
21384.0,347.5,29999999.999999713,29999999.999999136
21384.0,350.0,29999999.99999981,29999999.999999397
21384.0,352.5,29999999.999999877,29999999.999999575
21384.0,355.0,29999999.999999918,29999999.999999702
21384.0,357.5,29999999.999999948,29999999.99999979
21384.0,360.0,29999999.999999966,29999999.99999985
21384.0,362.5,29999999.999999978,29999999.999999896
21384.0,365.0,29999999.999999985,29999999.999999925
21384.0,367.5,29999999.99999999,29999999.999999948
21384.0,370.0,29999999.999999993,29999999.99999996
21384.0,372.5,29999999.999999996,29999999.99999997
21384.0,375.0,29999999.999999996,29999999.99999997
21384.0,377.5,30000000.0,29999999.999999974
21384.0,380.0,30000000.0,29999999.999999974
21384.0,382.5,30000000.0,29999999.999999978
21384.0,385.0,30000000.0,29999999.99999998
21384.0,387.5,30000000.0,29999999.999999985
21384.0,390.0,30000000.0,29999999.999999985
21384.0,392.5,30000000.0,29999999.999999985
21384.0,395.0,30000000.0,29999999.999999985
21384.0,397.5,30000000.0,29999999.999999985
21384.0,400.0,30000000.0,29999999.999999985
21384.0,402.5,30000000.0,29999999.999999985
21384.0,405.0,30000000.0,29999999.999999985
21384.0,407.5,30000000.0,29999999.999999985
21384.0,410.0,30000000.0,29999999.999999985
21384.0,412.5,30000000.0,29999999.999999985
21384.0,415.0,30000000.0,29999999.999999985
21384.0,417.5,30000000.0,29999999.999999985
21384.0,420.0,30000000.0,29999999.999999985
21384.0,422.5,30000000.0,29999999.999999985
21384.0,425.0,30000000.0,29999999.999999985
21384.0,427.5,30000000.0,29999999.999999985
21384.0,430.0,30000000.0,29999999.999999985
21384.0,432.5,30000000.0,29999999.999999985
21384.0,435.0,30000000.0,29999999.999999985
21384.0,437.5,30000000.0,29999999.999999985
21384.0,440.0,30000000.0,29999999.999999985
21384.0,442.5,30000000.0,29999999.999999985
21384.0,445.0,30000000.0,29999999.999999985
21384.0,447.5,30000000.0,29999999.999999985
21384.0,450.0,30000000.0,29999999.999999985
21384.0,452.5,30000000.0,29999999.999999985
21384.0,455.0,30000000.0,29999999.999999985
21384.0,457.5,30000000.0,29999999.999999985
21384.0,460.0,30000000.0,29999999.999999985
21384.0,462.5,30000000.0,29999999.999999985
21384.0,465.0,30000000.0,29999999.999999985
21384.0,467.5,30000000.0,29999999.999999985
21384.0,470.0,30000000.0,29999999.999999985
21384.0,472.5,30000000.0,29999999.999999985
21384.0,475.0,30000000.0,29999999.999999985
21384.0,477.5,30000000.0,29999999.999999985
21384.0,480.0,30000000.0,29999999.999999985
21384.0,482.5,30000000.0,29999999.999999985
21384.0,485.0,30000000.0,29999999.999999985
21384.0,487.5,30000000.0,29999999.999999985
21384.0,490.0,30000000.0,29999999.999999985
21384.0,492.5,30000000.0,29999999.999999985
21384.0,495.0,30000000.0,29999999.999999985
21384.0,497.5,30000000.0,29999999.999999985
21384.0,500.0,30000000.0,29999999.999999985
21384.0,502.5,30000000.0,29999999.999999985
21384.0,505.0,30000000.0,29999999.999999985
21384.0,507.5,30000000.0,29999999.999999985
21384.0,510.0,30000000.0,29999999.999999985
21384.0,512.5,30000000.0,29999999.999999985
21384.0,515.0,30000000.0,29999999.999999985
21384.0,517.5,30000000.0,29999999.999999985
21384.0,520.0,30000000.0,29999999.999999985
21384.0,522.5,30000000.0,29999999.999999985
21384.0,525.0,30000000.0,29999999.999999985
21384.0,527.5,30000000.0,29999999.999999985
21384.0,530.0,30000000.0,29999999.999999985
21384.0,532.5,30000000.0,29999999.999999985
21384.0,535.0,30000000.0,29999999.999999985
21384.0,537.5,30000000.0,29999999.999999985
21384.0,540.0,30000000.0,29999999.999999985
21384.0,542.5,30000000.0,29999999.999999985
21384.0,545.0,30000000.0,29999999.999999985
21384.0,547.5,30000000.0,29999999.999999985
21384.0,550.0,30000000.0,29999999.999999985
21384.0,552.5,30000000.0,29999999.999999985
21384.0,555.0,30000000.0,29999999.999999985
21384.0,557.5,30000000.0,29999999.999999985
21384.0,560.0,30000000.0,29999999.999999985
21384.0,562.5,30000000.0,29999999.999999985
21384.0,565.0,30000000.0,29999999.999999985
21384.0,567.5,30000000.0,29999999.999999985
21384.0,570.0,30000000.0,29999999.999999985
21384.0,572.5,30000000.0,29999999.999999985
21384.0,575.0,30000000.0,29999999.999999985
21384.0,577.5,30000000.0,29999999.999999985
21384.0,580.0,30000000.0,29999999.999999985
21384.0,582.5,30000000.0,29999999.999999985
21384.0,585.0,30000000.0,29999999.999999985
21384.0,587.5,30000000.0,29999999.999999985
21384.0,590.0,30000000.0,29999999.999999985
21384.0,592.5,30000000.0,29999999.999999985
21384.0,595.0,30000000.0,29999999.999999985
21384.0,597.5,30000000.0,29999999.999999985
21384.0,600.0,30000000.0,29999999.999999985
21384.0,602.5,30000000.0,29999999.999999985
21384.0,605.0,30000000.0,29999999.999999985
21384.0,607.5,30000000.0,29999999.999999985
21384.0,610.0,30000000.0,29999999.999999985
21384.0,612.5,30000000.0,29999999.999999985
21384.0,615.0,30000000.0,29999999.999999985
21384.0,617.5,30000000.0,29999999.999999985
21384.0,620.0,30000000.0,29999999.999999985
21384.0,622.5,30000000.0,29999999.999999985
21384.0,625.0,30000000.0,29999999.999999985
21384.0,627.5,30000000.0,29999999.999999985
21384.0,630.0,30000000.0,29999999.999999985
21384.0,632.5,30000000.0,29999999.999999985
21384.0,635.0,30000000.0,29999999.999999985
21384.0,637.5,30000000.0,29999999.999999985
21384.0,640.0,30000000.0,29999999.999999985
21384.0,642.5,30000000.0,29999999.999999985
21384.0,645.0,30000000.0,29999999.999999985
21384.0,647.5,30000000.0,29999999.999999985
21384.0,650.0,30000000.0,29999999.999999985
21384.0,652.5,30000000.0,29999999.999999985
21384.0,655.0,30000000.0,29999999.999999985
21384.0,657.5,30000000.0,29999999.999999985
21384.0,660.0,30000000.0,29999999.999999985
21384.0,662.5,30000000.0,29999999.999999985
21384.0,665.0,30000000.0,29999999.999999985
21384.0,667.5,30000000.0,29999999.999999985
21384.0,670.0,30000000.0,29999999.999999985
21384.0,672.5,30000000.0,29999999.999999985
21384.0,675.0,30000000.0,29999999.999999985
21384.0,677.5,30000000.0,29999999.999999985
21384.0,680.0,30000000.0,29999999.999999985
21384.0,682.5,30000000.0,29999999.999999985
21384.0,685.0,30000000.0,29999999.999999985
21384.0,687.5,30000000.0,29999999.999999985
21384.0,690.0,30000000.0,29999999.999999985
21384.0,692.5,30000000.0,29999999.999999985
21384.0,695.0,30000000.0,29999999.999999985
21384.0,697.5,30000000.0,29999999.999999985
21384.0,700.0,30000000.0,29999999.999999985
21384.0,702.5,30000000.0,29999999.999999985
21384.0,705.0,30000000.0,29999999.999999985
21384.0,707.5,30000000.0,29999999.999999985
21384.0,710.0,30000000.0,29999999.999999985
21384.0,712.5,30000000.0,29999999.999999985
21384.0,715.0,30000000.0,29999999.999999985
21384.0,717.5,30000000.0,29999999.999999985
21384.0,720.0,30000000.0,29999999.999999985
21384.0,722.5,30000000.0,29999999.999999985
21384.0,725.0,30000000.0,29999999.999999985
21384.0,727.5,30000000.0,29999999.999999985
21384.0,730.0,30000000.0,29999999.999999985
21384.0,732.5,30000000.0,29999999.999999985
21384.0,735.0,30000000.0,29999999.999999985
21384.0,737.5,30000000.0,29999999.999999985
21384.0,740.0,30000000.0,29999999.999999985
21384.0,742.5,30000000.0,29999999.999999985
21384.0,745.0,30000000.0,29999999.999999985
21384.0,747.5,30000000.0,29999999.999999985
21384.0,750.0,30000000.0,29999999.999999985
21384.0,752.5,30000000.0,29999999.999999985
21384.0,755.0,30000000.0,29999999.999999985
21384.0,757.5,30000000.0,29999999.999999985
21384.0,760.0,30000000.0,29999999.999999985
21384.0,762.5,30000000.0,29999999.999999985
21384.0,765.0,30000000.0,29999999.999999985
21384.0,767.5,30000000.0,29999999.999999985
21384.0,770.0,30000000.0,29999999.999999985
21384.0,772.5,30000000.0,29999999.999999985
21384.0,775.0,30000000.0,29999999.999999985
21384.0,777.5,30000000.0,29999999.999999985
21384.0,780.0,30000000.0,29999999.999999985
21384.0,782.5,30000000.0,29999999.999999985
21384.0,785.0,30000000.0,29999999.999999985
21384.0,787.5,30000000.0,29999999.999999985
21384.0,790.0,30000000.0,29999999.999999985
21384.0,792.5,30000000.0,29999999.999999985
21384.0,795.0,30000000.0,29999999.999999985
21384.0,797.5,30000000.0,29999999.999999985
21384.0,800.0,30000000.0,29999999.999999985
21384.0,802.5,30000000.0,29999999.999999985
21384.0,805.0,30000000.0,29999999.999999985
21384.0,807.5,30000000.0,29999999.999999985
21384.0,810.0,30000000.0,29999999.999999985
21384.0,812.5,30000000.0,29999999.999999985
21384.0,815.0,30000000.0,29999999.999999985
21384.0,817.5,30000000.0,29999999.999999985
21384.0,820.0,30000000.0,29999999.999999985
21384.0,822.5,30000000.0,29999999.999999985
21384.0,825.0,30000000.0,29999999.999999985
21384.0,827.5,30000000.0,29999999.999999985
21384.0,830.0,30000000.0,29999999.999999985
21384.0,832.5,30000000.0,29999999.999999985
21384.0,835.0,30000000.0,29999999.999999985
21384.0,837.5,30000000.0,29999999.999999985
21384.0,840.0,30000000.0,29999999.999999985
21384.0,842.5,30000000.0,29999999.999999985
21384.0,845.0,30000000.0,29999999.999999985
21384.0,847.5,30000000.0,29999999.999999985
21384.0,850.0,30000000.0,29999999.999999985
21384.0,852.5,30000000.0,29999999.999999985
21384.0,855.0,30000000.0,29999999.999999985
21384.0,857.5,30000000.0,29999999.999999985
21384.0,860.0,30000000.0,29999999.999999985
21384.0,862.5,30000000.0,29999999.999999985
21384.0,865.0,30000000.0,29999999.999999985
21384.0,867.5,30000000.0,29999999.999999985
21384.0,870.0,30000000.0,29999999.999999985
21384.0,872.5,30000000.0,29999999.999999985
21384.0,875.0,30000000.0,29999999.999999985
21384.0,877.5,30000000.0,29999999.999999985
21384.0,880.0,30000000.0,29999999.999999985
21384.0,882.5,30000000.0,29999999.999999985
21384.0,885.0,30000000.0,29999999.999999985
21384.0,887.5,30000000.0,29999999.999999985
21384.0,890.0,30000000.0,29999999.999999985
21384.0,892.5,30000000.0,29999999.999999985
21384.0,895.0,30000000.0,29999999.999999985
21384.0,897.5,30000000.0,29999999.999999985
21384.0,900.0,30000000.0,29999999.999999985
21384.0,902.5,30000000.0,29999999.999999985
21384.0,905.0,30000000.0,29999999.999999985
21384.0,907.5,30000000.0,29999999.999999985
21384.0,910.0,30000000.0,29999999.999999985
21384.0,912.5,30000000.0,29999999.999999985
21384.0,915.0,30000000.0,29999999.999999985
21384.0,917.5,30000000.0,29999999.999999985
21384.0,920.0,30000000.0,29999999.999999985
21384.0,922.5,30000000.0,29999999.999999985
21384.0,925.0,30000000.0,29999999.999999985
21384.0,927.5,30000000.0,29999999.999999985
21384.0,930.0,30000000.0,29999999.999999985
21384.0,932.5,30000000.0,29999999.999999985
21384.0,935.0,30000000.0,29999999.999999985
21384.0,937.5,30000000.0,29999999.999999985
21384.0,940.0,30000000.0,29999999.999999985
21384.0,942.5,30000000.0,29999999.999999985
21384.0,945.0,30000000.0,29999999.999999985
21384.0,947.5,30000000.0,29999999.999999985
21384.0,950.0,30000000.0,29999999.999999985
21384.0,952.5,30000000.0,29999999.999999985
21384.0,955.0,30000000.0,29999999.999999985
21384.0,957.5,30000000.0,29999999.999999985
21384.0,960.0,30000000.0,29999999.999999985
21384.0,962.5,30000000.0,29999999.999999985
21384.0,965.0,30000000.0,29999999.999999985
21384.0,967.5,30000000.0,29999999.999999985
21384.0,970.0,30000000.0,29999999.999999985
21384.0,972.5,30000000.0,29999999.999999985
21384.0,975.0,30000000.0,29999999.999999985
21384.0,977.5,30000000.0,29999999.999999985
21384.0,980.0,30000000.0,29999999.999999985
21384.0,982.5,30000000.0,29999999.999999985
21384.0,985.0,30000000.0,29999999.999999985
21384.0,987.5,30000000.0,29999999.999999985
21384.0,990.0,30000000.0,29999999.999999985
21384.0,992.5,30000000.0,29999999.99999999
21384.0,995.0,30000000.0,29999999.999999993
21384.0,997.5,30000000.0,29999999.999999996
21384.0,1000.0,30000000.0,30000000.0
86184.0,0.0,25000000.0,25000000.0
86184.0,2.5,25107419.7809479,25107625.098891184
86184.0,5.0,25214761.694807984,25215171.871101566
86184.0,7.5,25321948.043785796,25322562.16095302
86184.0,10.0,25428901.468060277,25429718.15414983
86184.0,12.5,25535545.113240365,25536562.546918668
86184.0,15.0,25641802.79599409,25643018.713292934
86184.0,17.5,25747599.16725549,25749010.869941898
86184.0,20.0,25852859.87242678,25854464.237950176
86184.0,22.5,25957511.708008524,25959305.200975414
86184.0,25.0,26061482.774108283,26063461.459224597
86184.0,27.5,26164702.622299112,26166862.178714722
86184.0,30.0,26267102.398322307,26269438.135304373
86184.0,32.5,26368614.979154512,26371121.853010513
86184.0,35.0,26469175.10398722,26471847.736152366
86184.0,37.5,26568719.498696506,26571552.194895085
86184.0,40.0,26667186.993412856,26670173.763798244
86184.0,42.5,26764518.63283427,26767653.213008344
86184.0,45.0,26860657.778961025,26863933.651770025
86184.0,47.5,26955550.205966484,26958960.623967774
86184.0,50.0,27049144.186955888,27052682.195447646
86184.0,52.5,27141390.57240291,27145049.032907404
86184.0,55.0,27232242.860092595,27236014.4741828
86184.0,57.5,27321657.256438266,27325534.589797292
86184.0,60.0,27409592.729079053,27413568.235682473
86184.0,62.5,27496011.05070387,27500077.097015925
86184.0,65.0,27580876.83408622,27585025.723162767
86184.0,67.5,27664157.55835246,27668381.553745724
86184.0,70.0,27745823.586543486,27750114.935906667
86184.0,72.5,27825848.1745663,27830199.132859394
86184.0,75.0,27904207.47166709,27908610.323869396
86184.0,77.5,27980880.512591578,27985327.59583063
86184.0,80.0,28055849.201630637,28060332.926642314
86184.0,82.5,28129098.28878011,28133611.16061981
86184.0,85.0,28200615.338272713,28205149.97620321
86184.0,87.5,28270390.689766947,28274939.84625443
86184.0,90.0,28338417.412502993,28342973.991258964
86184.0,92.5,28404691.25275841,28409248.325771563
86184.0,95.0,28469210.574957214,28473761.398465984
86184.0,97.5,28531976.29680417,28536514.326167405
86184.0,100.0,28592991.818832316,28597510.72226213
86184.0,102.5,28652262.94876537,28656756.619893298
86184.0,105.0,28709797.821108,28714260.3903621
86184.0,107.5,28765606.812385887,28770032.65716342
86184.0,110.0,28819702.452464107,28824086.2060908
86184.0,112.5,28872099.33237658,28876435.89185015
86184.0,115.0,28922814.009101316,28927098.541623134
86184.0,117.5,28971864.907715913,28976092.856020827
86184.0,120.0,29019272.221365374,29023439.307865404
86184.0,122.5,29065057.80946966,29069160.039233074
86184.0,125.0,29109245.09459216,29113278.757184356
86184.0,127.5,29151858.95838158,29155820.628599428
86184.0,130.0,29192925.636989817,29196812.174525402
86184.0,132.5,29232472.616356544,29236281.16443058
86184.0,135.0,29270528.527737744,29274256.51074671
86184.0,137.5,29307123.043840915,29310768.1640653
86184.0,140.0,29342286.77591351,29345847.009337626
86184.0,142.5,29376051.172114108,29379524.76341044
86184.0,145.0,29408448.41747765,29411833.87421097
86184.0,147.5,29439511.335767176,29442807.421875365
86184.0,150.0,29469273.29348481,29472479.02209471
86184.0,152.5,29497768.10629444,29500882.731932055
86184.0,155.0,29525029.948087938,29528052.958342858
86184.0,157.5,29551093.262905862,29554024.369610034
86184.0,160.0,29575992.67990232,29578831.80988306
86184.0,162.5,29599762.931522597,29602510.21698945
86184.0,165.0,29622438.775041204,29625094.543665133
86184.0,167.5,29644054.91758683,29646619.68232944
86184.0,170.0,29664645.94476048,29667120.393509336
86184.0,172.5,29684246.25293267,29686631.237997252
86184.0,175.0,29702889.98528607,29705186.512806863
86184.0,177.5,29720610.97165082,29722820.190972194
86184.0,180.0,29737442.672161598,29739565.865216456
86184.0,182.5,29753418.124747552,29755456.69549965
86184.0,185.0,29768569.896449815,29770525.360436708
86184.0,187.5,29782930.038544994,29784804.012562133
86184.0,190.0,29796530.045438297,29798324.237401716
86184.0,192.5,29809400.817275655,29811117.016298033
86184.0,195.0,29821572.626211256,29823212.692923
86184.0,197.5,29833075.086254686,29834640.943398878
86184.0,200.0,29843937.126610875,29845430.749937896
86184.0,202.5,29854186.968415968,29855610.377900578
86184.0,205.0,29863852.104763176,29865207.35616409
86184.0,207.5,29872959.283904698,29874248.460683607
86184.0,210.0,29881534.495508824,29882759.701123223
86184.0,212.5,29889602.959845252,29890766.310426515
86184.0,215.0,29897189.119766682,29898292.737192318
86184.0,217.5,29904316.63535064,29905362.64071711
86184.0,220.0,29911008.381062306,29911998.888562314
86184.0,222.5,29917286.445296764,29918223.556502685
86184.0,225.0,29923172.132157713,29924057.93071071
86184.0,227.5,29928685.96532889,29929522.51203113
86184.0,230.0,29933847.693894606,29934637.022200216
86184.0,232.5,29938676.299966503,29939420.411865108
86184.0,235.0,29943190.007975128,29943890.87026027
86184.0,237.5,29947406.295486838,29948065.836400084
86184.0,240.0,29951341.90540929,29951962.01164955
86184.0,242.5,29955012.859451663,29955595.373538144
86184.0,245.0,29958434.47270945,29958981.190685637
86184.0,247.5,29961621.36924756,29962134.038712658
86184.0,250.0,29964587.498559665,29965067.81701345
86184.0,252.5,29967346.1527865,29967795.766272627
86184.0,255.0,29969909.984580584,29970330.486613177
86184.0,257.5,29972291.025509857,29972683.956267733
86184.0,260.0,29974500.704898164,29974867.550670866
86184.0,262.5,29976549.869005702,29976892.061875343
86184.0,265.0,29978448.80045813,29978767.718201093
86184.0,267.5,29980207.23783856,29980504.204031073
86184.0,270.0,29981834.39536215,29982110.67967403
86184.0,272.5,29983338.982558623,29983595.801219642
86184.0,275.0,29984729.223893456,29984967.740317084
86184.0,277.5,29986012.87826397,29986234.203813676
86184.0,280.0,29987197.258311827,29987402.453195505
86184.0,282.5,29988289.24949869,29988479.32377725
86184.0,285.0,29989295.328896865,29989471.243593603
86184.0,287.5,29990221.583651584,29990384.25194946
86184.0,290.0,29991073.729076535,29991224.01759105
86184.0,292.5,29991857.126348518,29991995.856464557
86184.0,295.0,29992576.799771756,29992704.749033358
86184.0,297.5,29993237.453586314,29993355.357128963
86184.0,300.0,29993843.488299254,29993952.04031495
86184.0,302.5,29994399.01652067,29994498.87174665
86184.0,305.0,29994907.878290456,29994999.65351319
86184.0,307.5,29995373.6558848,29995457.931451347
86184.0,310.0,29995799.68809463,29995877.00942428
86184.0,312.5,29996189.083970945,29996259.96306049
86184.0,315.0,29996544.7360347,29996609.652951475
86184.0,317.5,29996869.33295132,29996928.737308558
86184.0,320.0,29997165.371672124,29997219.684081875
86184.0,322.5,29997435.169046983,29997484.78254629
86184.0,325.0,29997680.872914314,29997726.154360928
86184.0,327.5,29997904.472676188,29997945.764110602
86184.0,330.0,29998107.809367776,29998145.42933866
86184.0,332.5,29998292.585231595,29998326.830082424
86184.0,335.0,29998460.372808147,29998491.517923035
86184.0,337.5,29998612.623555563,29998640.924562752
86184.0,340.0,29998750.676011518,29998776.3699433
86184.0,342.5,29998875.763511535,29998899.06991982
86184.0,345.0,29998989.021478206,29999010.14350514
86184.0,347.5,29999091.49429631,29999110.619699642
86184.0,350.0,29999184.141789146,29999201.4439224
86184.0,352.5,29999267.84531157,29999283.48405916
86184.0,355.0,29999343.413475357,29999357.536143087
86184.0,357.5,29999411.587522477,29999424.32968406
86184.0,360.0,29999473.04636196,29999484.53266225
86184.0,362.5,29999528.411285695,29999538.756201565
86184.0,365.0,29999578.250378508,29999587.558938444
86184.0,367.5,29999623.082637552,29999631.451100975
86184.0,370.0,29999663.381815698,29999670.898313366
86184.0,372.5,29999699.58000339,29999706.32514005
86184.0,375.0,29999732.070962943,29999738.118383676
86184.0,377.5,29999761.21322905,29999766.63015056
86184.0,380.0,29999787.332988515,29999792.180696927
86184.0,382.5,29999810.72675223,29999815.0610687
86184.0,385.0,29999831.66383146,29999835.53554715
86184.0,387.5,29999850.388630524,29999853.84391226
86184.0,390.0,29999867.122767024,29999870.203535195
86184.0,392.5,29999882.06703066,29999884.811310686
86184.0,395.0,29999895.40319091,29999897.845439702
86184.0,397.5,29999907.295663588,29999909.467072375
86184.0,400.0,29999917.89304563,29999919.82182046
86184.0,402.5,29999927.329527106,29999929.041148365
86184.0,405.0,29999935.72618897,29999937.243651118
86184.0,407.5,29999943.19219452,29999944.53622728
86184.0,410.0,29999949.825882267,29999951.015154473
86184.0,412.5,29999955.71576724,29999956.767074406
86184.0,415.0,29999960.941457603,29999961.869894326
86184.0,417.5,29999965.574492857,29999966.393611066
86184.0,420.0,29999969.679109566,29999970.401063614
86184.0,422.5,29999973.31294022,29999973.94861971
86184.0,425.0,29999976.527650446,29999977.086801726
86184.0,427.5,29999979.369519424,29999979.86085654
86184.0,430.0,29999981.87996807,29999982.311273985
86184.0,432.5,29999984.09603925,29999984.47425805
86184.0,435.0,29999986.050833892,29999986.38215472
86184.0,437.5,29999987.773906775,29999988.063840117
86184.0,440.0,29999989.291625265,29999989.545072168
86184.0,442.5,29999990.62749428,29999990.84880914
86184.0,445.0,29999991.80245027,29999991.99549771
86184.0,447.5,29999992.835127003,29999993.0033333
86184.0,450.0,29999993.74209562,29999993.888495136
86184.0,452.5,29999994.538081195,29999994.665358342
86184.0,455.0,29999995.236158,29999995.346685022
86184.0,457.5,29999995.84792534,29999995.94379632
86184.0,460.0,29999996.383665793,29999996.46672725
86184.0,462.5,29999996.852487452,29999996.92436581
86184.0,465.0,29999997.262451682,29999997.32457792
86184.0,467.5,29999997.62068777,29999997.674319502
86184.0,470.0,29999997.93349572,29999997.979736943
86184.0,472.5,29999998.206438296,29999998.246257085
86184.0,475.0,29999998.444423456,29999998.47866769
86184.0,477.5,29999998.651777986,29999998.681189448
86184.0,480.0,29999998.832313336,29999998.857540205
86184.0,482.5,29999998.989384357,29999999.01099237
86184.0,485.0,29999999.12594166,29999999.144424006
86184.0,487.5,29999999.24457831,29999999.260364424
86184.0,490.0,29999999.347571354,29999999.3610347
86184.0,492.5,29999999.436918765,29999999.448383726
86184.0,495.0,29999999.51437228,29999999.524120256
86184.0,497.5,29999999.58146654,29999999.589741353
86184.0,500.0,29999999.639544945,29999999.64655757
86184.0,502.5,29999999.689782567,29999999.695715316
86184.0,505.0,29999999.733206432,29999999.738216665
86184.0,507.5,29999999.770713493,29999999.774936825
86184.0,510.0,29999999.803086467,29999999.80663962
86184.0,512.5,29999999.83100787,29999999.833991177
86184.0,515.0,29999999.85507238,29999999.857571945
86184.0,517.5,29999999.875797726,29999999.87788735
86184.0,520.0,29999999.89363431,29999999.895377137
86184.0,522.5,29999999.90897365,29999999.910423644
86184.0,525.0,29999999.922155812,29999999.923359007
86184.0,527.5,29999999.933475953,29999999.934471563
86184.0,530.0,29999999.94319004,29999999.944011398
86184.0,532.5,29999999.951519888,29999999.95219531
86184.0,535.0,29999999.958657574,29999999.95921104
86184.0,537.5,29999999.964769285,29999999.965221085
86184.0,540.0,29999999.969998702,29999999.970365964
86184.0,542.5,29999999.974469952,29999999.974767108
86184.0,545.0,29999999.97829018,29999999.97852937
86184.0,547.5,29999999.981551815,29999999.98174323
86184.0,550.0,29999999.98433451,29999999.984486677
86184.0,552.5,29999999.986706875,29999999.986826915
86184.0,555.0,29999999.98872795,29999999.988821797
86184.0,557.5,29999999.990448505,29999999.990521085
86184.0,560.0,29999999.991912164,29999999.991967563
86184.0,562.5,29999999.993156377,29999999.993197978
86184.0,565.0,29999999.994213287,29999999.994243864
86184.0,567.5,29999999.995110434,29999999.995132267
86184.0,570.0,29999999.995871413,29999999.995886367
86184.0,572.5,29999999.99651643,29999999.996526025
86184.0,575.0,29999999.997062758,29999999.997068223
86184.0,577.5,29999999.99752516,29999999.997527495
86184.0,580.0,29999999.99791624,29999999.997916237
86184.0,582.5,29999999.99824677,29999999.998245068
86184.0,585.0,29999999.998525914,29999999.99852301
86184.0,587.5,29999999.99876149,29999999.998757783
86184.0,590.0,29999999.99896016,29999999.99895595
86184.0,592.5,29999999.999127578,29999999.999123093
86184.0,595.0,29999999.99926856,29999999.999263987
86184.0,597.5,29999999.999387197,29999999.99938266
86184.0,600.0,29999999.999486953,29999999.999482553
86184.0,602.5,29999999.999570776,29999999.999566574
86184.0,605.0,29999999.999641158,29999999.999637194
86184.0,607.5,29999999.999700215,29999999.999696516
86184.0,610.0,29999999.999749728,29999999.999746308
86184.0,612.5,29999999.999791212,29999999.999788072
86184.0,615.0,29999999.999825943,29999999.999823082
86184.0,617.5,29999999.999855,29999999.999852404
86184.0,620.0,29999999.999879293,29999999.999876954
86184.0,622.5,29999999.999899585,29999999.999897484
86184.0,625.0,29999999.999916527,29999999.999914646
86184.0,627.5,29999999.99993066,29999999.999928992
86184.0,630.0,29999999.99994244,29999999.99994096
86184.0,632.5,29999999.999952253,29999999.999950945
86184.0,635.0,29999999.999960423,29999999.99995926
86184.0,637.5,29999999.999967217,29999999.999966197
86184.0,640.0,29999999.999972865,29999999.999971967
86184.0,642.5,29999999.999977555,29999999.99997677
86184.0,645.0,29999999.999981448,29999999.999980763
86184.0,647.5,29999999.999984674,29999999.99998407
86184.0,650.0,29999999.999987353,29999999.999986827
86184.0,652.5,29999999.999989565,29999999.99998911
86184.0,655.0,29999999.999991402,29999999.999991
86184.0,657.5,29999999.99999292,29999999.999992564
86184.0,660.0,29999999.99999417,29999999.99999387
86184.0,662.5,29999999.999995206,29999999.999994945
86184.0,665.0,29999999.99999606,29999999.999995835
86184.0,667.5,29999999.999996763,29999999.99999657
86184.0,670.0,29999999.999997344,29999999.99999717
86184.0,672.5,29999999.99999782,29999999.999997664
86184.0,675.0,29999999.999998216,29999999.999998074
86184.0,677.5,29999999.99999854,29999999.999998413
86184.0,680.0,29999999.999998804,29999999.999998696
86184.0,682.5,29999999.99999902,29999999.999998927
86184.0,685.0,29999999.9999992,29999999.999999117
86184.0,687.5,29999999.999999348,29999999.999999277
86184.0,690.0,29999999.999999467,29999999.9999994
86184.0,692.5,29999999.999999564,29999999.9999995
86184.0,695.0,29999999.999999646,29999999.99999959
86184.0,697.5,29999999.999999713,29999999.999999657
86184.0,700.0,29999999.999999765,29999999.999999717
86184.0,702.5,29999999.99999981,29999999.99999976
86184.0,705.0,29999999.999999844,29999999.999999814
86184.0,707.5,29999999.999999873,29999999.999999847
86184.0,710.0,29999999.9999999,29999999.999999873
86184.0,712.5,29999999.999999918,29999999.999999896
86184.0,715.0,29999999.999999933,29999999.99999991
86184.0,717.5,29999999.999999944,29999999.999999933
86184.0,720.0,29999999.999999955,29999999.99999994
86184.0,722.5,29999999.999999963,29999999.999999955
86184.0,725.0,29999999.99999997,29999999.99999996
86184.0,727.5,29999999.999999978,29999999.999999966
86184.0,730.0,29999999.99999998,29999999.99999997
86184.0,732.5,29999999.999999985,29999999.99999997
86184.0,735.0,29999999.99999999,29999999.99999997
86184.0,737.5,29999999.99999999,29999999.99999997
86184.0,740.0,29999999.999999993,29999999.99999997
86184.0,742.5,29999999.999999993,29999999.99999997
86184.0,745.0,29999999.999999996,29999999.99999997
86184.0,747.5,29999999.999999996,29999999.99999997
86184.0,750.0,29999999.999999996,29999999.99999997
86184.0,752.5,29999999.999999996,29999999.99999997
86184.0,755.0,29999999.999999996,29999999.99999997
86184.0,757.5,30000000.0,29999999.99999997
86184.0,760.0,30000000.0,29999999.99999997
86184.0,762.5,30000000.0,29999999.99999997
86184.0,765.0,30000000.0,29999999.99999997
86184.0,767.5,30000000.0,29999999.99999997
86184.0,770.0,30000000.0,29999999.99999997
86184.0,772.5,30000000.0,29999999.99999997
86184.0,775.0,30000000.0,29999999.99999997
86184.0,777.5,30000000.0,29999999.99999997
86184.0,780.0,30000000.0,29999999.99999997
86184.0,782.5,30000000.0,29999999.99999997
86184.0,785.0,30000000.0,29999999.99999997
86184.0,787.5,30000000.0,29999999.99999997
86184.0,790.0,30000000.0,29999999.99999997
86184.0,792.5,30000000.0,29999999.99999997
86184.0,795.0,30000000.0,29999999.99999997
86184.0,797.5,30000000.0,29999999.99999997
86184.0,800.0,30000000.0,29999999.99999997
86184.0,802.5,30000000.0,29999999.99999997
86184.0,805.0,30000000.0,29999999.99999997
86184.0,807.5,30000000.0,29999999.99999997
86184.0,810.0,30000000.0,29999999.99999997
86184.0,812.5,30000000.0,29999999.99999997
86184.0,815.0,30000000.0,29999999.99999997
86184.0,817.5,30000000.0,29999999.99999997
86184.0,820.0,30000000.0,29999999.99999997
86184.0,822.5,30000000.0,29999999.99999997
86184.0,825.0,30000000.0,29999999.99999997
86184.0,827.5,30000000.0,29999999.99999997
86184.0,830.0,30000000.0,29999999.99999997
86184.0,832.5,30000000.0,29999999.99999997
86184.0,835.0,30000000.0,29999999.99999997
86184.0,837.5,30000000.0,29999999.99999997
86184.0,840.0,30000000.0,29999999.99999997
86184.0,842.5,30000000.0,29999999.99999997
86184.0,845.0,30000000.0,29999999.99999997
86184.0,847.5,30000000.0,29999999.99999997
86184.0,850.0,30000000.0,29999999.99999997
86184.0,852.5,30000000.0,29999999.99999997
86184.0,855.0,30000000.0,29999999.99999997
86184.0,857.5,30000000.0,29999999.99999997
86184.0,860.0,30000000.0,29999999.99999997
86184.0,862.5,30000000.0,29999999.99999997
86184.0,865.0,30000000.0,29999999.99999997
86184.0,867.5,30000000.0,29999999.99999997
86184.0,870.0,30000000.0,29999999.99999997
86184.0,872.5,30000000.0,29999999.99999997
86184.0,875.0,30000000.0,29999999.999999974
86184.0,877.5,30000000.0,29999999.999999978
86184.0,880.0,30000000.0,29999999.999999978
86184.0,882.5,30000000.0,29999999.999999978
86184.0,885.0,30000000.0,29999999.99999998
86184.0,887.5,30000000.0,29999999.999999985
86184.0,890.0,30000000.0,29999999.999999985
86184.0,892.5,30000000.0,29999999.999999985
86184.0,895.0,30000000.0,29999999.999999985
86184.0,897.5,30000000.0,29999999.999999985
86184.0,900.0,30000000.0,29999999.999999985
86184.0,902.5,30000000.0,29999999.999999985
86184.0,905.0,30000000.0,29999999.999999985
86184.0,907.5,30000000.0,29999999.999999985
86184.0,910.0,30000000.0,29999999.999999985
86184.0,912.5,30000000.0,29999999.999999985
86184.0,915.0,30000000.0,29999999.999999985
86184.0,917.5,30000000.0,29999999.999999985
86184.0,920.0,30000000.0,29999999.999999985
86184.0,922.5,30000000.0,29999999.999999985
86184.0,925.0,30000000.0,29999999.999999985
86184.0,927.5,30000000.0,29999999.999999985
86184.0,930.0,30000000.0,29999999.999999985
86184.0,932.5,30000000.0,29999999.999999985
86184.0,935.0,30000000.0,29999999.999999985
86184.0,937.5,30000000.0,29999999.999999985
86184.0,940.0,30000000.0,29999999.999999985
86184.0,942.5,30000000.0,29999999.999999985
86184.0,945.0,30000000.0,29999999.999999985
86184.0,947.5,30000000.0,29999999.999999985
86184.0,950.0,30000000.0,29999999.999999985
86184.0,952.5,30000000.0,29999999.999999985
86184.0,955.0,30000000.0,29999999.999999985
86184.0,957.5,30000000.0,29999999.999999985
86184.0,960.0,30000000.0,29999999.999999985
86184.0,962.5,30000000.0,29999999.999999985
86184.0,965.0,30000000.0,29999999.999999985
86184.0,967.5,30000000.0,29999999.999999985
86184.0,970.0,30000000.0,29999999.999999985
86184.0,972.5,30000000.0,29999999.999999985
86184.0,975.0,30000000.0,29999999.999999985
86184.0,977.5,30000000.0,29999999.999999985
86184.0,980.0,30000000.0,29999999.999999985
86184.0,982.5,30000000.0,29999999.999999985
86184.0,985.0,30000000.0,29999999.999999985
86184.0,987.5,30000000.0,29999999.999999985
86184.0,990.0,30000000.0,29999999.999999985
86184.0,992.5,30000000.0,29999999.99999999
86184.0,995.0,30000000.0,29999999.999999993
86184.0,997.5,30000000.0,29999999.999999996
86184.0,1000.0,30000000.0,30000000.0
259200.0,0.0,25000000.0,25000000.0
259200.0,2.5,25061946.26454164,25061985.61329594
259200.0,5.0,25123877.594295405,25123956.262464944
259200.0,7.5,25185779.06527456,25185896.994217627
259200.0,10.0,25247635.775081612,25247792.87692657
259200.0,12.5,25309432.853670422,25309629.01142464
259200.0,15.0,25371155.474069335,25371390.541764162
259200.0,17.5,25432788.863052458,25433062.665923953
259200.0,20.0,25494318.311746296,25494630.64645143
259200.0,22.5,25555729.186159015,25556079.82102692
259200.0,25.0,25617006.937619857,25617395.61293775
259200.0,27.5,25678137.11311616,25678563.541449428
259200.0,30.0,25739105.365515925,25739569.232061796
259200.0,32.5,25799897.463663682,25800398.4266379
259200.0,35.0,25860499.302338038,25861036.99339387
259200.0,37.5,25920896.912059084,25921470.93673794
259200.0,40.0,25981076.46873449,25981686.406947397
259200.0,42.5,26041024.303133138,26041669.709672194
259200.0,45.0,26100726.910175405,26101407.31525445
259200.0,47.5,26160170.958029807,26160885.867853265
259200.0,50.0,26219343.297005612,26220092.194364667
259200.0,52.5,26278230.968231745,26279013.313126706
259200.0,55.0,26336821.212112404,26337636.44240036
259200.0,57.5,26395101.476550315,26395949.00861688
259200.0,60.0,26453059.42492887,26453938.65438295
259200.0,62.5,26510682.94384478,26511593.24623523
259200.0,65.0,26567960.150583357,26568900.882136226
259200.0,67.5,26624879.400328774,26625849.89870411
259200.0,70.0,26681429.293102376,26682428.878169157
259200.0,72.5,26737598.680422187,26738626.655050248
259200.0,75.0,26793376.671677522,26794432.3225451
259200.0,77.5,26848752.640212864,26849835.238628544
259200.0,80.0,26903716.22911569,26904825.031853348
259200.0,82.5,26958257.35670343,26959391.606848907
259200.0,85.0,27012366.221705146,27013525.14951323
259200.0,87.5,27066033.308133993,27067216.131894458
259200.0,90.0,27119249.389847107,27120455.316758372
259200.0,92.5,27172005.53478985,27173233.761838917
259200.0,95.0,27224293.108922053,27225542.823769413
259200.0,97.5,27276103.779824127,27277374.16169221
259200.0,100.0,27327429.51998165,27328719.740545504
259200.0,102.5,27378262.60974725,27379571.834026136
259200.0,105.0,27428595.639979348,27429923.027227867
259200.0,107.5,27478421.514357537,27479766.218955018
259200.0,110.0,27527733.451375037,27529094.623711854
259200.0,112.5,27576524.98600902,27577901.773368616
259200.0,115.0,27624789.97107012,27626181.518505376
259200.0,117.5,27672522.578232776,27673928.029435586
259200.0,120.0,27719717.29874872,27721135.796911508
259200.0,122.5,27766368.943846025,27767799.63251406
259200.0,125.0,27812472.644816928,27813914.66873023
259200.0,127.5,27858023.852797724,27859476.358721472
259200.0,130.0,27903018.338244654,27904480.47578701
259200.0,132.5,27947452.19011001,27948923.112526275
259200.0,135.0,27991321.81472301,27992800.67970513
259200.0,137.5,28034623.934380546,28036109.904830962
259200.0,140.0,28077355.585653014,28078847.830441907
259200.0,142.5,28119514.117410984,28121011.81211607
259200.0,145.0,28161097.188578717,28162599.516206644
259200.0,147.5,28202102.765620805,28203608.91730942
259200.0,150.0,28242529.119768586,28244038.29546926
259200.0,152.5,28282374.823993232,28283886.233132534
259200.0,155.0,28321638.74973268,28323151.611852713
259200.0,157.5,28360320.06337983,28361833.60875659
259200.0,160.0,28398418.22253966,28399931.69277884
259200.0,162.5,28435932.972063124,28437445.620672848
259200.0,165.0,28472864.339866005,28474375.43280595
259200.0,167.5,28509212.632540826,28510721.44874735
259200.0,170.0,28544978.430770434,28546484.262657266
259200.0,172.5,28580162.58455174,28581664.738485917
259200.0,175.0,28614766.208238382,28616264.004991136
259200.0,177.5,28648790.675411146,28650283.45058348
259200.0,180.0,28682237.613585137,28683724.718007877
259200.0,182.5,28715108.898762673,28716589.698870905
259200.0,185.0,28747406.649841093,28748880.52802278
259200.0,187.5,28779133.222884554,28780599.57780337
259200.0,190.0,28810291.20526911,28811749.452161398
259200.0,192.5,28840883.409710202,28842332.98065614
259200.0,195.0,28870912.86818186,28872353.21235089
259200.0,197.5,28900382.825736795,28901813.40960742
259200.0,200.0,28929296.734236598,28930717.0417907
259200.0,202.5,28957658.24600115,28959067.778893076
259200.0,205.0,28985471.2073864,28986869.485087007
259200.0,207.5,29012739.65229951,29014126.21221546
259200.0,210.0,29039467.795660287,29040842.1932289
259200.0,212.5,29065660.02681782,29067021.835577838
259200.0,215.0,29091320.902930964,29092669.714569658
259200.0,217.5,29116455.142321404,29117790.56669832
259200.0,220.0,29141067.61780766,29142389.282955628
259200.0,222.5,29165163.3500285,29166470.90213219
259200.0,225.0,29188747.50076384,29190040.60411653
259200.0,227.5,29211825.366261195,29213103.703200206
259200.0,230.0,29234402.370575543,29235665.641396903
259200.0,232.5,29256484.058930207,29257731.981783174
259200.0,235.0,29278076.09110625,29279308.40186821
259200.0,237.5,29299184.234867655,29300400.687000133
259200.0,240.0,29319814.35942928,29321014.723815605
259200.0,242.5,29339972.428974506,29341156.49373984
259200.0,245.0,29359664.49622908,29360832.066543467
259200.0,247.5,29378896.69609763,29380047.5939628
259200.0,250.0,29397675.23936894,29398809.30338946
259200.0,252.5,29416006.40649588,29417123.491635494
259200.0,255.0,29433896.54145567,29434996.51877944
259200.0,257.5,29451352.0456959,29452434.802098952
259200.0,260.0,29468379.372171402,29469444.810094934
259200.0,262.5,29484985.01947695,29486033.056612283
259200.0,265.0,29501175.5260804,29502206.095061827
259200.0,267.5,29516957.46466064,29517970.512747727
259200.0,270.0,29532337.436554536,29533332.92530471
259200.0,272.5,29547322.06631667,29548299.97124877
259200.0,275.0,29561917.996395588,29562878.306645103
259200.0,277.5,29576131.881929785,29577074.599896543
259200.0,280.0,29589970.385666646,29590895.526655648
259200.0,282.5,29603440.173007093,29604347.764863215
259200.0,285.0,29616547.907178607,29617437.98991586
259200.0,287.5,29629300.24453887,29630172.869964913
259200.0,290.0,29641703.830012202,29642559.061348822
259200.0,292.5,29653765.292660583,29654603.20416075
259200.0,295.0,29665491.241390873,29666311.917953104
259200.0,297.5,29676888.260799605,29677691.797580212
259200.0,300.0,29687962.90715647,29688749.40918036
259200.0,302.5,29698721.70452737,29699491.286298018
259200.0,305.0,29709171.141037773,29709923.92614692
259200.0,307.5,29719317.665276755,29720053.786014486
259200.0,310.0,29729167.68284204,29729887.2798077
259200.0,312.5,29738727.553026017,29739430.774740618
259200.0,315.0,29748003.585642587,29748690.588163182
259200.0,317.5,29757002.037994515,29757672.984531
259200.0,320.0,29765729.111980632,29766384.172515593
259200.0,322.5,29774190.95134229,29774830.302254193
259200.0,325.0,29782393.639048036,29783017.462738372
259200.0,327.5,29790343.1948155,29790951.67934017
259200.0,330.0,29798045.572769202,29798638.91147467
259200.0,332.5,29805506.659232937,29806085.050397426
259200.0,335.0,29812732.27065512,29813295.91713532
259200.0,337.5,29819728.151665475,29820277.260549013
259200.0,340.0,29826499.973261166,29827034.755525235
259200.0,342.5,29833053.331120506,29833574.001296885
259200.0,345.0,29839393.744042113,29839900.51988893
259200.0,347.5,29845526.652507327,29846019.754687756
259200.0,350.0,29851457.417363666,29851937.069131862
259200.0,352.5,29857191.318626873,29857657.74552131
259200.0,355.0,29862733.554399084,29863186.98394353
259200.0,357.5,29868089.23990062,29868529.901312903
259200.0,360.0,29873263.406612657,29873691.530521434
259200.0,362.5,29878261.00152822,29878676.819697767
259200.0,365.0,29883086.886508547,29883490.631571867
259200.0,367.5,29887745.83774219,29888137.742942385
259200.0,370.0,29892242.54530382,29892622.844243914
259200.0,372.5,29896581.612809945,29896950.53921117
259200.0,375.0,29900767.55716846,29901125.344637092
259200.0,377.5,29904804.808419205,29905151.690221936
259200.0,380.0,29908697.70966234,29909033.918510295
259200.0,382.5,29912450.51707167,29912776.28491296
259200.0,385.0,29916067.39998977,29916382.957810655
259200.0,387.5,29919552.441101927,29919858.018736526
259200.0,390.0,29922909.63668582,29923205.462634347
259200.0,392.5,29926142.89693388,29926429.198189333
259200.0,395.0,29929256.04634533,29929533.048228562
259200.0,397.5,29932252.824184835,29932520.750187986
259200.0,400.0,29935136.88500478,29935395.956642926
259200.0,402.5,29937911.799228184,29938162.2358991
259200.0,405.0,29940581.053789265,29940823.07264127
259200.0,407.5,29943148.05282876,29943381.868636407
259200.0,410.0,29945616.118441075,29945841.943488657
259200.0,412.5,29947988.491470408,29948206.535443116
259200.0,415.0,29950268.332353007,29950478.80223557
259200.0,417.5,29952458.722002827,29952661.821985528
259200.0,420.0,29954562.662737805,29954758.594129674
259200.0,422.5,29956583.079244096,29956772.040393136
259200.0,425.0,29958522.819575634,29958705.00579595
259200.0,427.5,29960384.656186424,29960560.25969197
259200.0,430.0,29962171.286993064,29962340.49683798
259200.0,432.5,29963885.336465016,29964048.338490263
259200.0,435.0,29965529.356740233,29965686.333526365
259200.0,437.5,29967105.82876379,29967256.959589705
259200.0,440.0,29968617.163447224,29968762.6242547
259200.0,442.5,29970065.70284641,29970205.666210182
259200.0,445.0,29971453.72135576,29971588.356459014
259200.0,447.5,29972783.426916704,29972912.899531756
259200.0,450.0,29974056.962238424,29974181.434712395
259200.0,452.5,29975276.40602886,29975396.037274137
259200.0,455.0,29976443.774234153,29976558.719723493
259200.0,457.5,29977561.02128464,29977671.433050662
259200.0,460.0,29978630.041345716,29978736.067984626
259200.0,462.5,29979652.66957184,29979754.45625119
259200.0,465.0,29980630.6833621,29980728.371832345
259200.0,467.5,29981565.803615734,29981659.532225505
259200.0,470.0,29982459.69598621,29982549.59970101
259200.0,472.5,29983313.972132377,29983400.182556584
259200.0,475.0,29984130.190965388,29984212.836367317
259200.0,477.5,29984909.859890077,29984989.06523
259200.0,480.0,29985654.436039615,29985730.323000535
259200.0,482.5,29986365.327502247,29986438.014523223
259200.0,485.0,29987043.89453904,29987113.496850915
259200.0,487.5,29987691.450791635,29987758.080455057
259200.0,490.0,29988309.264478993,29988373.03042446
259200.0,492.5,29988898.55958224,29988959.567652106
259200.0,495.0,29989460.517016806,29989518.870009057
259200.0,497.5,29989996.275790967,29990052.07350461
259200.0,500.0,29990506.934150163,29990560.27343211
259200.0,502.5,29990993.55070633,29991044.525499627
259200.0,505.0,29991457.14555165,29991505.8469449
259200.0,507.5,29991898.701356143,29991945.217634015
259200.0,510.0,29992319.164448537,29992363.58114323
259200.0,512.5,29992719.445879992,29992761.84582351
259200.0,515.0,29993100.422470197,29993140.885847352
259200.0,517.5,29993462.93783547,29993501.542237476
259200.0,520.0,29993807.803398535,29993844.623877104
259200.0,522.5,29994135.799379636,29994170.90850143
259200.0,525.0,29994447.67576877,29994481.143670186
259200.0,527.5,29994744.153278776,29994776.0477209
259200.0,530.0,29995025.924279157,29995056.3107028
259200.0,532.5,29995293.653710395,29995322.595291197
259200.0,535.0,29995547.979978766,29995575.537682198
259200.0,537.5,29995789.51583146,29995815.74846769
259200.0,540.0,29996018.849212047,29996043.81349061
259200.0,542.5,29996236.544096205,29996260.294680383
259200.0,545.0,29996443.141307797,29996465.73086863
259200.0,547.5,29996639.15931524,29996660.63858515
259200.0,550.0,29996825.095008314,29996845.51283428
259200.0,552.5,29997001.42445547,29997020.827851664
259200.0,555.0,29997168.603641734,29997187.037841566
259200.0,557.5,29997327.06918734,29997344.577694945
259200.0,560.0,29997477.23904729,29997493.863688312
259200.0,562.5,29997619.513191957,29997635.29416366
259200.0,565.0,29997754.274268962,29997769.25018961
259200.0,567.5,29997881.888246495,29997896.096203957
259200.0,570.0,29998002.705038343,29998016.18063792
259200.0,572.5,29998117.05911082,29998129.83652225
259200.0,575.0,29998225.270071886,29998237.382075515
259200.0,577.5,29998327.643242694,29998339.121274732
259200.0,580.0,29998424.47021182,29998435.344408788
259200.0,582.5,29998516.029372495,29998526.32861474
259200.0,585.0,29998602.58644312,29998612.33839741
259200.0,587.5,29998684.394971326,29998693.62613254
259200.0,590.0,29998761.69682193,29998770.432553805
259200.0,592.5,29998834.722649075,29998842.987224013
259200.0,595.0,29998903.69235286,29998911.50899081
259200.0,597.5,29998968.815520808,29998976.206427187
259200.0,600.0,29999030.291854482,29999037.27825716
259200.0,602.5,29999088.311581563,29999094.9137669
259200.0,605.0,29999143.055853747,29999149.293201648
259200.0,607.5,29999194.697130747,29999200.588148855
259200.0,610.0,29999243.39955079,29999248.961907666
259200.0,612.5,29999289.319287922,29999294.569845337
259200.0,615.0,29999332.60489637,29999337.559740666
259200.0,617.5,29999373.397642452,29999378.07211499
259200.0,620.0,29999411.83182423,29999416.240550924
259200.0,622.5,29999448.035079263,29999452.19199924
259200.0,625.0,29999482.12868085,29999486.04707422
259200.0,627.5,29999514.227822997,29999517.92033774
259200.0,630.0,29999544.44189448,29999547.920572504
259200.0,632.5,29999572.874742325,29999576.151044652
259200.0,635.0,29999599.624924976,29999602.70975612
259200.0,637.5,29999624.785955504,29999627.689687036
259200.0,640.0,29999648.446535144,29999651.179028444
259200.0,642.5,29999670.690777443,29999673.261405684
259200.0,645.0,29999691.598423366,29999694.016092725
259200.0,647.5,29999711.245047573,29999713.51821769
259200.0,650.0,29999729.702256233,29999731.838959955
259200.0,652.5,29999747.03787661,29999749.045738988
259200.0,655.0,29999763.316138685,29999765.202395294
259200.0,657.5,29999778.59784913,29999780.369363733
259200.0,660.0,29999792.940557867,29999794.603839327
259200.0,662.5,29999806.39871745,29999807.95993611
259200.0,665.0,29999819.02383559,29999820.48883892
259200.0,667.5,29999830.86462098,29999832.238948688
259200.0,670.0,29999841.967122745,29999843.256021246
259200.0,672.5,29999852.374863703,29999853.583300043
259200.0,675.0,29999862.12896766,29999863.261642836
259200.0,677.5,29999871.26828101,29999872.32964278
259200.0,680.0,29999879.829488795,29999880.82374397
259200.0,682.5,29999887.84722549,29999888.778351676
259200.0,685.0,29999895.35418069,29999896.22593756
259200.0,687.5,29999902.381199896,29999903.197139982
259200.0,690.0,29999908.95738061,29999909.720859632
259200.0,692.5,29999915.110163916,29999915.824350655
259200.0,695.0,29999920.865421727,29999921.533307478
259200.0,697.5,29999926.24753989,29999926.87194749
259200.0,700.0,29999931.27949729,29999931.863089733
259200.0,702.5,29999935.98294115,29999936.528229866
259200.0,705.0,29999940.378258698,29999940.887611367
259200.0,707.5,29999944.484645266,29999944.96029338
259200.0,710.0,29999948.320169106,29999948.76421508
259200.0,712.5,29999951.901832968,29999952.316256993
259200.0,715.0,29999955.2456326,29999955.63229915
259200.0,717.5,29999958.36661233,29999958.727276362
259200.0,720.0,29999961.278917845,29999961.61523071
259200.0,722.5,29999963.995846283,29999964.309361316
259200.0,725.0,29999966.529893767,29999966.822071657
259200.0,727.5,29999968.892800502,29999969.16501438
259200.0,730.0,29999971.095593534,29999971.3491338
259200.0,732.5,29999973.148627285,29999973.384706214
259200.0,735.0,29999975.061621986,29999975.28137809
259200.0,737.5,29999976.843700062,29999977.048202228
259200.0,740.0,29999978.503420603,29999978.693672057
259200.0,742.5,29999980.048812013,29999980.225754008
259200.0,745.0,29999981.487402882,29999981.651918285
259200.0,747.5,29999982.82625124,29999982.979167867
259200.0,750.0,29999984.07197216,29999984.214065976
259200.0,752.5,29999985.23076396,29999985.362762086
259200.0,755.0,29999986.308432855,29999986.431016415
259200.0,757.5,29999987.310416345,29999987.424223192
259200.0,760.0,29999988.241805263,29999988.347432517
259200.0,762.5,29999989.107364602,29999989.205371097
259200.0,765.0,29999989.911553197,29999990.002461746
259200.0,767.5,29999990.658542283,29999990.742841866
259200.0,770.0,29999991.352233004,29999991.430380777
259200.0,772.5,29999991.996272936,29999992.06869621
259200.0,775.0,29999992.594071668,29999992.66116968
259200.0,777.5,29999993.148815475,29999993.210961163
259200.0,780.0,29999993.66348117,29999993.721022762
259200.0,782.5,29999994.14084912,29999994.194111682
259200.0,785.0,29999994.583515543,29999994.632802412
259200.0,787.5,29999994.993904043,29999995.039498195
259200.0,790.0,29999995.374276508,29999995.41644183
259200.0,792.5,29999995.726743326,29999995.765725844
259200.0,795.0,29999996.053273026,29999996.089302026
259200.0,797.5,29999996.35570132,29999996.388990425
259200.0,800.0,29999996.63573962,29999996.66648779
259200.0,802.5,29999996.894983035,29999996.923375525
259200.0,805.0,29999997.13491787,29999997.161127113
259200.0,807.5,29999997.356928706,29999997.381115142
259200.0,810.0,29999997.562305003,29999997.584617868
259200.0,812.5,29999997.752247322,29999997.772825398
259200.0,815.0,29999997.927873176,29999997.946845468
259200.0,817.5,29999998.09022248,29999998.107708875
259200.0,820.0,29999998.240262706,29999998.256374568
259200.0,822.5,29999998.378893677,29999998.39373444
259200.0,825.0,29999998.506952085,29999998.52061778
259200.0,827.5,29999998.625215717,29999998.637795463
259200.0,830.0,29999998.734407414,29999998.7459839
259200.0,832.5,29999998.835198775,29999998.845848687
259200.0,835.0,29999998.92821362,29999998.938008074
259200.0,837.5,29999999.014031246,29999999.02303616
259200.0,840.0,29999999.09318947,29999999.101465926
259200.0,842.5,29999999.166187454,29999999.17379203
259200.0,845.0,29999999.233488366,29999999.240473464
259200.0,847.5,29999999.29552187,29999999.301936004
259200.0,850.0,29999999.352686446,29999999.358574517
259200.0,852.5,29999999.405351546,29999999.41075509
259200.0,855.0,29999999.45385963,29999999.45881708
259200.0,857.5,29999999.49852806,29999999.503074944
259200.0,860.0,29999999.539650835,29999999.54382001
259200.0,862.5,29999999.57750028,29999999.581322107
259200.0,865.0,29999999.612328544,29999999.615831085
259200.0,867.5,29999999.64436906,29999999.647578232
259200.0,870.0,29999999.673837855,29999999.67677761
259200.0,872.5,29999999.700934816,29999999.703627266
259200.0,875.0,29999999.725844838,29999999.72831039
259200.0,877.5,29999999.7487389,29999999.750996415
259200.0,880.0,29999999.76977508,29999999.771841966
259200.0,882.5,29999999.78909949,29999999.790991828
259200.0,885.0,29999999.806847136,29999999.80857977
259200.0,887.5,29999999.82314275,29999999.824729387
259200.0,890.0,29999999.83810152,29999999.83955483
259200.0,892.5,29999999.85182981,29999999.853161503
259200.0,895.0,29999999.86442579,29999999.865646705
259200.0,897.5,29999999.875980075,29999999.87710023
259200.0,900.0,29999999.886576258,29999999.887604944
259200.0,902.5,29999999.89629144,29999999.897237275
259200.0,905.0,29999999.905196726,29999999.906067714
259200.0,907.5,29999999.91335766,29999999.91416125
259200.0,910.0,29999999.920834664,29999999.9215778
259200.0,912.5,29999999.927683394,29999999.928372584
259200.0,915.0,29999999.933955137,29999999.934596475
259200.0,917.5,29999999.939697113,29999999.940296344
259200.0,920.0,29999999.944952805,29999999.94551537
259200.0,922.5,29999999.949762236,29999999.95029331
259200.0,925.0,29999999.95416224,29999999.954666756
259200.0,927.5,29999999.958186697,29999999.958669413
259200.0,930.0,29999999.961866774,29999999.962332286
259200.0,932.5,29999999.96523113,29999999.96568394
259200.0,935.0,29999999.96830611,29999999.968750633
259200.0,937.5,29999999.971115924,29999999.97155655
259200.0,940.0,29999999.973682825,29999999.97412395
259200.0,942.5,29999999.97602724,29999999.976473298
259200.0,945.0,29999999.97816794,29999999.97862345
259200.0,947.5,29999999.980122156,29999999.98059175
259200.0,950.0,29999999.981905706,29999999.982394177
259200.0,952.5,29999999.983533096,29999999.98404546
259200.0,955.0,29999999.985017646,29999999.985559165
259200.0,957.5,29999999.986371562,29999999.986947797
259200.0,960.0,29999999.987606045,29999999.988222905
259200.0,962.5,29999999.98873136,29999999.98939517
259200.0,965.0,29999999.989756912,29999999.990474455
259200.0,967.5,29999999.99069132,29999999.991469905
259200.0,970.0,29999999.991542477,29999999.992390018
259200.0,972.5,29999999.992317617,29999999.99324268
259200.0,975.0,29999999.993023355,29999999.994035266
259200.0,977.5,29999999.993665755,29999999.99477465
259200.0,980.0,29999999.994250357,29999999.995467298
259200.0,982.5,29999999.99478223,29999999.996119313
259200.0,985.0,29999999.995266024,29999999.996736452
259200.0,987.5,29999999.995705966,29999999.997324206
259200.0,990.0,29999999.996105943,29999999.997887827
259200.0,992.5,29999999.996469494,29999999.998432364
259200.0,995.0,29999999.99679986,29999999.998962723
259200.0,997.5,29999999.997099992,29999999.9994837
259200.0,1000.0,29999999.997372597,30000000.0
