x,data
0,0
1,1.6393442153930664
2,2.5901639461517334
3,2.950819730758667
4,3.7704918384552
5,5.606557369232178
6,7.868852615356445
7,9.639344215393066
8,11.672131538391113
9,14.098361015319824
10,18.098360061645508
11,21.770492553710938
12,23.016393661499023
13,24.852458953857422
14,25.704917907714844
15,26.19672203063965
16,26.26229476928711
17,26.393442153930664
18,27.278688430786133
19,27.278688430786133
20,28
21,28.52458953857422
22,29.704917907714844
23,30.491804122924805
24,31.147541046142578
25,30.95081901550293
26,30.918033599853516
27,31.57377052307129
28,34.75409698486328
29,37.573768615722656
30,38.3278694152832
31,40.03278732299805
32,41.344261169433594
33,42.426231384277344
34,43.73770523071289
35,44.03278732299805
36,45.47541046142578
37,108.13114929199219
38,45.04917907714844
39,19.868852615356445
40,107.83606719970703
41,47.73770523071289
42,111.9344253540039
43,1.737704873085022
44,113.73770141601562
45,114.36065673828125
46,3.573770523071289
47,25.770492553710938
48,3.8360655307769775
49,25.081966400146484
50,25.606557846069336
51,116.36065673828125
52,26.918033599853516
53,28.754098892211914
54,28.26229476928711
55,28
56,27.081966400146484
57,27.31147575378418
58,27.672130584716797
59,-49.37704849243164
60,29.73770523071289
61,31.147541046142578
62,32.78688430786133
63,33.50819778442383
64,34.78688430786133
65,35.934425354003906
66,-42
67,-44
68,-43.180328369140625
69,17.409835815429688
70,4.098360538482666
71,-22.491804122924805
72,-29.508195877075195
73,-14.65573787689209
74,-15.540983200073242
75,-23.8360652923584
76,-23.639345169067383
77,-22.065574645996094
78,-19.508195877075195
79,-16.491804122924805
80,-1.8032786846160889
81,1.8360655307769775
82,-4.918032646179199
83,16.459016799926758
84,22.393442153930664
85,-26.295082092285156
86,19.639345169067383
87,14.852458953857422
88,6.360655784606934
89,2.0655736923217773
90,-28.68852424621582
91,3.0819671154022217
92,35.442623138427734
93,26.590164184570312
94,17.672130584716797
95,12.622950553894043
96,17.540983200073242
97,4.524590015411377
98,20.786884307861328
99,22.327869415283203
100,23.80327796936035
101,2.622950792312622
102,2.3606557846069336
103,16.88524627685547
104,16.393442153930664
105,19.8360652923584
106,26.557376861572266
107,-8.852458953857422
108,1.6065573692321777
109,-58.49180221557617
110,2.721311569213867
111,-32.557376861572266
112,12.295082092285156
113,18.95081901550293
114,18.032787322998047
115,128.78688049316406
116,132.19671630859375
117,2.2622950077056885
118,-21.213115692138672
119,-21.901639938354492
120,52.065574645996094
121,-33.180328369140625
122,36.13114929199219
123,44.3278694152832
124,39.63934326171875
125,32.68852615356445
126,22.983606338500977
127,-6.393442630767822
128,5.770491600036621
129,0.9836065769195557
130,-1.573770523071289
131,-0.032786883413791656
132,1.5081967115402222
133,4.590163707733154
134,7.2131147384643555
135,9.836065292358398
136,10.491803169250488
137,10.622950553894043
138,10.68852424621582
139,7.278688430786133
140,2.0327868461608887
141,-4.491803169250488
142,-8.950819969177246
143,-10.68852424621582
144,-11.34426212310791
145,-9.0819673538208
146,-7.442623138427734
147,-5.573770523071289
148,-1.573770523071289
149,2.5901639461517334
150,5.508196830749512
151,8.786885261535645
152,12
153,15.31147575378418
154,19.344263076782227
155,26.786884307861328
156,-5.737704753875732
157,6.360655784606934
158,122.85246276855469
159,6.065573692321777
160,10.622950553894043
161,-34.78688430786133
162,26.819671630859375
163,25.37704849243164
164,-48.85245895385742
165,-30.098360061645508
166,35.73770523071289
167,35.40983581542969
168,34.88524627685547
169,33.40983581542969
170,32.26229476928711
171,30.19672203063965
172,26.557376861572266
173,24.229507446289062
174,21.901639938354492
175,18.327869415283203
176,-18.88524627685547
177,-8.491803169250488
178,10.459016799926758
179,14.360655784606934
180,12.950819969177246
181,12.032787322998047
182,12.721311569213867
183,14.360655784606934
184,17.278688430786133
185,21.508195877075195
186,24.098360061645508
187,26.229507446289062
188,27.868852615356445
189,30
190,31.80327796936035
191,33.344261169433594
192,34.295082092285156
193,35.31147384643555
194,36.3278694152832
195,20.590164184570312
196,20.819671630859375
197,22.754098892211914
198,23.278688430786133
199,23.409835815429688
200,24.721311569213867
201,25.47541046142578
202,25.8360652923584
203,25.8360652923584
204,26.19672203063965
205,26.754098892211914
206,27.016393661499023
207,26.295082092285156
208,25.540983200073242
209,26.065574645996094
210,26.19672203063965
211,26.88524627685547
212,27.80327796936035
213,28.721311569213867
214,30.26229476928711
215,32.065574645996094
216,-49.11475372314453
217,-46.196720123291016
218,-43.24590301513672
219,130.32786560058594
220,136.22950744628906
221,-5.409836292266846
222,-20.491804122924805
223,-19.31147575378418
224,-18.557376861572266
225,-17.508195877075195
226,-16.754098892211914
227,-16.88524627685547
228,-6.65573787689209
229,-6.065573692321777
230,-6.131147384643555
231,-19.31147575378418
232,-42.918033599853516
233,-44.22950744628906
234,-25.016393661499023
235,-25.704917907714844
236,-26.032787322998047
237,-26.491804122924805
238,-26.459016799926758
239,-48.196720123291016
240,-28.393442153930664
241,-49.278690338134766
242,-28.983606338500977
243,-29.672130584716797
244,-31.639345169067383
245,-32.26229476928711
246,-32.78688430786133
247,-33.704917907714844
248,46.75409698486328
249,-57.01639175415039
250,-57.77049255371094
251,-58.426231384277344
252,44.75409698486328
253,16.1639347076416
254,43.540985107421875
255,-40.22950744628906
256,43.47541046142578
257,42.68852615356445
258,-41.6721305847168
259,12.393442153930664
260,41.442623138427734
261,40.819671630859375
262,40
263,-47.24590301513672
264,-47.573768615722656
265,-48.295082092285156
266,38.295082092285156
267,37.96721267700195
268,-49.442623138427734
269,37.442623138427734
270,37.344261169433594
271,37.278690338134766
272,36.85245895385742
273,35.96721267700195
274,35.278690338134766
275,34.721309661865234
276,34.16393280029297
277,33.47541046142578
278,32.3934440612793
279,31.344263076782227
280,30.1639347076416
281,29.04918098449707
282,27.606557846069336
283,7.5409836769104
284,6.032786846160889
285,4.622951030731201
286,2.5573770999908447
287,0.5573770403862
288,-0.8852459192276001
289,-11.573770523071289
290,-3.672131061553955
291,-2.524590253829956
292,-5.836065769195557
293,-6.7868852615356445
294,19.37704849243164
295,43.21311569213867
296,-17.57377052307129
297,-18.786884307861328
298,-19.540983200073242
299,-20.19672203063965
300,-20.88524627685547
301,-21.508195877075195
302,-22.1639347076416
303,13.508196830749512
304,13.0819673538208
305,12.393442153930664
306,11.803278923034668
307,11.0819673538208
308,10.459016799926758
309,9.803278923034668
310,9.442623138427734
311,10.983606338500977
312,11.114753723144531
313,9.573770523071289
314,9.377049446105957
315,8.885246276855469
316,8.459016799926758
317,9.278688430786133
318,9.049180030822754
319,8.327868461608887
320,8.098361015319824
321,6.360655784606934
322,7.704917907714844
323,7.704917907714844
324,6.622951030731201
325,7.770491600036621
326,8
327,6.491803169250488
328,6.262295246124268
329,7.147541046142578
330,5.901639461517334
331,5.672131061553955
332,5.3114752769470215
333,5.5409836769104
334,5.278688430786133
335,5.180327892303467
336,4.590163707733154
337,5.180327892303467
338,5.147541046142578
339,5.081967353820801
340,5.1147541999816895
341,4.754098415374756
342,4.426229476928711
343,4.131147384643555
344,3.9344263076782227
345,3.4426229000091553
346,3.5081968307495117
347,3.245901584625244
348,2.5573770999908447
349,2.131147623062134
350,1.9672131538391113
351,1.8360655307769775
352,1.737704873085022
353,1.6065573692321777
354,1.4426229000091553
355,1.049180269241333
356,1.1475409269332886
357,0.8524590134620667
358,0.8196721076965332
359,1.1147540807724
360,0.4590163826942444
361,0.8196721076965332
362,0.49180328845977783
363,0.4590163826942444
364,0.16393442451953888
365,-0.09836065769195557
366,-0.39344263076782227
367,-0.9180327653884888
368,-0.4262295067310333
369,-1.4754098653793335
370,-1.1803278923034668
371,-1.1147540807724
372,-1.8688524961471558
373,-1.311475396156311
374,-1.6065573692321777
375,-1.8360655307769775
376,-1.6393442153930664
377,-1.573770523071289
378,-2
379,-2.0327868461608887
380,-1.8360655307769775
381,-2.131147623062134
382,-1.9672131538391113
383,-2.6557376384735107
384,-2.721311569213867
385,-2.5573770999908447
386,-2.950819730758667
387,-3.704918146133423
388,-3.3114755153656006
389,-4
390,-3.672131061553955
391,-3.7704918384552
392,-3.704918146133423
393,-4.032786846160889
394,-4.131147384643555
395,-4.098360538482666
396,-5.245901584625244
397,-4.491803169250488
398,-4.491803169250488
399,-4.262295246124268
400,-4.229508399963379
401,-4.360655784606934
402,-5.34426212310791
403,-4.426229476928711
404,-4.360655784606934
405,-4.721311569213867
406,-5.475409984588623
407,-4.590163707733154
408,-5.5409836769104
409,-5.5409836769104
410,-5.5409836769104
411,-4.7868852615356445
412,-4.950819492340088
413,-4.8852458000183105
414,-4.983606338500977
415,-5.081967353820801
416,-6.163934230804443
417,-5.573770523071289
418,-6.360655784606934
419,-6
420,-6.262295246124268
421,-5.5409836769104
422,-8.032787322998047
423,-8.26229476928711
424,-7.442623138427734
425,-7.836065769195557
426,-9.606557846069336
427,-10.393442153930664
428,-10.393442153930664
429,-11.016393661499023
430,-10.819672584533691
431,-11.868852615356445
432,-12.098361015319824
433,-12.491803169250488
434,-12.65573787689209
435,-11.868852615356445
436,-13.213114738464355
437,-11.475409507751465
438,9.606557846069336
439,-11.967212677001953
440,-11.770491600036621
441,-11.475409507751465
442,-13.672131538391113
443,-12.557376861572266
444,-12.524590492248535
445,-12.426229476928711
446,-12.754097938537598
447,-14.68852424621582
448,-13.34426212310791
449,-13.73770523071289
450,-13.868852615356445
451,-13.901638984680176
452,-15.0819673538208
453,-13.540983200073242
454,-13.180327415466309
455,-13.049180030822754
456,-12.786885261535645
457,-12.754097938537598
458,-13.180327415466309
459,-13.114753723144531
460,-12.459016799926758
461,-13.442623138427734
462,-13.016393661499023
463,-11.180327415466309
464,-12.065573692321777
465,-11.704917907714844
466,-11.278688430786133
467,-11.049180030822754
468,-11.147541046142578
469,-10.983606338500977
470,-10.459016799926758
471,-11.508196830749512
472,-11.213114738464355
473,-11.73770523071289
474,-11.540983200073242
475,-11.836065292358398
476,-11.31147575378418
477,-11.213114738464355
478,-11.475409507751465
479,-11.442623138427734
480,-12.065573692321777
481,-11.508196830749512
482,-12.229508399963379
483,-12.098361015319824
484,-13.34426212310791
485,-13.73770523071289
486,-12.65573787689209
487,-12.590164184570312
488,-13.73770523071289
489,-14.295082092285156
490,-14.590164184570312
491,-15.213114738464355
492,-15.508196830749512
493,-15.967212677001953
494,-16.295082092285156
495,-16.360654830932617
496,-16.68852424621582
497,-16.95081901550293
498,-17.016393661499023
499,-16.852458953857422
500,-17.47541046142578
501,-17.213115692138672
502,-17.770492553710938
503,-17.442623138427734
504,-17.901639938354492
505,-18
506,-17.409835815429688
507,-17.80327796936035
508,-17.606557846069336
509,-17.508195877075195
510,-17.540983200073242
511,-17.47541046142578
512,-17.47541046142578
513,-17.934425354003906
514,-17.8360652923584
515,-18.1639347076416
516,-18.491804122924805
517,-17.57377052307129
518,-18.62295150756836
519,-18.42622947692871
520,-18.360654830932617
521,-18.852458953857422
522,-18.754098892211914
523,-18.819671630859375
524,-18.032787322998047
525,-18.95081901550293
526,-19.409835815429688
527,-19.57377052307129
528,-19.442623138427734
529,-18.098360061645508
530,-19.704917907714844
531,-19.901639938354492
532,-20.131147384643555
533,-19.016393661499023
534,-20.1639347076416
535,-19.606557846069336
536,-18.68852424621582
537,-18.19672203063965
538,-15.73770523071289
539,-17.180328369140625
540,-14.065573692321777
541,-13.409835815429688
542,-12.9180326461792
543,-11.868852615356445
544,-10.852458953857422
545,-9.967212677001953
546,-8.786885261535645
547,-7.508196830749512
548,-6.262295246124268
549,-4.6885247230529785
550,-2.4918031692504883
551,0
552,2.721311569213867
553,6
554,10.229508399963379
555,13.934426307678223
556,16.852458953857422
557,18.852458953857422
558,21.37704849243164
559,23.540983200073242
560,25.31147575378418
561,26.721311569213867
562,28.62295150756836
563,30.295082092285156
564,32.13114929199219
565,33.01639175415039
566,33.50819778442383
567,33.73770523071289
568,14.491803169250488
569,13.639344215393066
570,11.803278923034668
571,11.508196830749512
572,10.426229476928711
573,9.442623138427734
574,8.426229476928711
575,8
576,7.081967353820801
577,6.65573787689209
578,6.6885247230529785
579,29.606557846069336
580,31.540983200073242
581,33.14754104614258
582,34.52458953857422
583,35.83606719970703
584,37.6721305847168
585,40.03278732299805
586,42.49180221557617
587,45.6065559387207
588,48.03278732299805
589,29.606557846069336
590,-46.88524627685547
591,31.967212677001953
592,-41.21311569213867
593,31.31147575378418
594,-37.344261169433594
595,31.934425354003906
596,-39.704917907714844
597,15.540983200073242
598,14.459016799926758
599,-44.655738830566406
600,29.245901107788086
601,31.344263076782227
602,33.6065559387207
603,32.13114929199219
604,30.393442153930664
605,29.967212677001953
606,28.42622947692871
607,27.37704849243164
608,26.786884307861328
609,26.754098892211914
610,26.459016799926758
611,25.442623138427734
612,24.918033599853516
613,24.131147384643555
614,23.73770523071289
615,110.85246276855469
616,113.14753723144531
617,115.01639556884766
618,-47.47541046142578
619,29.442623138427734
620,32.459014892578125
621,-38.295082092285156
622,-35.24590301513672
623,-31.278688430786133
624,-27.442623138427734
625,-22.62295150756836
626,-17.901639938354492
627,50.918033599853516
628,-7.081967353820801
629,-3.3442623615264893
630,-0.16393442451953888
631,3.147541046142578
632,7.34426212310791
633,12.491803169250488
634,16.52458953857422
635,21.016393661499023
636,25.80327796936035
637,30.1639347076416
638,16.229507446289062
639,16.88524627685547
640,16.721311569213867
641,15.147541046142578
642,14.950819969177246
643,15.34426212310791
644,15.73770523071289
645,16.819671630859375
646,19.278688430786133
647,19.868852615356445
648,21.278688430786133
649,20.655736923217773
650,17.8360652923584
651,13.934426307678223
652,12.098361015319824
653,10.721311569213867
654,25.868852615356445
655,12.426229476928711
656,14.9180326461792
657,15.73770523071289
658,15.606557846069336
659,16.786884307861328
660,16.62295150756836
661,16.52458953857422
662,17.8360652923584
663,17.245901107788086
664,19.081966400146484
665,23.31147575378418
666,25.57377052307129
667,-14.491803169250488
668,-12.590164184570312
669,-12
670,-12.459016799926758
671,-11.967212677001953
672,-11.114753723144531
673,-10.852458953857422
674,-11.967212677001953
675,5.475409984588623
676,27.967212677001953
677,-12.557376861572266
678,5.245901584625244
679,25.73770523071289
680,24.131147384643555
681,23.80327796936035
682,3.672131061553955
683,4.950819492340088
684,5.967213153839111
685,6.622951030731201
686,9.049180030822754
687,-7.147541046142578
688,-6.7868852615356445
689,-7.245901584625244
690,-8.360655784606934
691,-9.180327415466309
692,-7.573770523071289
693,-5.770491600036621
694,-7.573770523071289
695,-31.901639938354492
696,-26.557376861572266
697,5.934426307678223
698,23.442623138427734
699,21.31147575378418
700,18.590164184570312
701,15.508196830749512
702,7.573770523071289
703,7.1147541999816895
704,5.606557369232178
705,6.622951030731201
706,23.47541046142578
707,15.836065292358398
708,20.655736923217773
709,26.032787322998047
710,30.557376861572266
711,-9.245902061462402
712,-12.098361015319824
713,16.918033599853516
714,-15.049180030822754
715,8.68852424621582
716,13.704917907714844
717,19.278688430786133
718,24
719,29.80327796936035
720,-28.590164184570312
721,-10.721311569213867
722,20.26229476928711
723,16.032787322998047
724,4.8852458000183105
725,1.2786885499954224
726,-18.62295150756836
727,4
728,23.606557846069336
729,14.557376861572266
730,17.901639938354492
731,4.590163707733154
732,4.8852458000183105
733,26.295082092285156
734,17.344263076782227
735,16.754098892211914
736,22.229507446289062
737,26.819671630859375
738,31.540983200073242
739,17.57377052307129
740,-27.704917907714844
741,26.098360061645508
742,17.8360652923584
743,12.065573692321777
744,19.442623138427734
745,25.04918098449707
746,29.672130584716797
747,32.52458953857422
748,34.59016418457031
749,35.04917907714844
750,-2.7868852615356445
751,-1.1147540807724
752,2.6885244846343994
753,22.032787322998047
754,20.295082092285156
755,16.295082092285156
756,33.37704849243164
757,31.213115692138672
758,32.75409698486328
759,34.655738830566406
760,32.78688430786133
761,16.590164184570312
762,16.721311569213867
763,17.57377052307129
764,18.852458953857422
765,18.721311569213867
766,18.065574645996094
767,16.68852424621582
768,15.967212677001953
769,17.11475372314453
770,18.393442153930664
771,19.672130584716797
772,18.721311569213867
773,16.88524627685547
774,16.721311569213867
775,-3.573770523071289
776,19.770492553710938
777,19.57377052307129
778,20.327869415283203
779,21.442623138427734
780,22.491804122924805
781,23.081966400146484
782,21.278688430786133
783,19.47541046142578
784,-39.803279876708984
785,-41.934425354003906
786,-43.344261169433594
787,-1.0819672346115112
788,-0.8852459192276001
789,-10.950819969177246
790,-44.557376861572266
791,-12.557376861572266
792,-1.7704918384552002
793,-45.934425354003906
794,-46.75409698486328
795,25.081966400146484
796,-6.163934230804443
797,22.393442153930664
798,20.754098892211914
799,20.754098892211914
800,-9.836065292358398
801,19.73770523071289
802,19.8360652923584
803,19.344263076782227
804,22.491804122924805
805,22.1639347076416
806,-13.147541046142578
807,11.606557846069336
808,18.327869415283203
809,10.065573692321777
810,16.68852424621582
811,-17.278688430786133
812,-18.557376861572266
813,-19.31147575378418
814,-19.967212677001953
815,-20.327869415283203
816,-20.491804122924805
817,-20.95081901550293
818,-21.04918098449707
819,-21.442623138427734
820,22.918033599853516
821,-23.31147575378418
822,-24.360654830932617
823,-0.13114753365516663
824,-0.8196721076965332
825,-1.3442622423171997
826,-27.409835815429688
827,-27.344263076782227
828,-28.557376861572266
829,-4.163934230804443
830,-30.295082092285156
831,-31.344263076782227
832,-7.049180507659912
833,-8.590164184570312
834,-33.934425354003906
835,14.393442153930664
836,-36.09836196899414
837,-37.11475372314453
838,-38.09836196899414
839,-38.98360824584961
840,-40.065574645996094
841,-41.6721305847168
842,-43.63934326171875
843,-45.01639175415039
844,-46.918033599853516
845,67.04917907714844
846,64.75409698486328
847,61.6721305847168
848,59.77049255371094
849,27.672130584716797
850,54.85245895385742
851,22.032787322998047
852,50.49180221557617
853,48.3934440612793
854,46.065574645996094
855,43.47541046142578
856,41.6065559387207
857,40.22950744628906
858,8.229508399963379
859,37.01639175415039
860,35.40983581542969
861,3.7377049922943115
862,33.6065559387207
863,32.85245895385742
864,32.49180221557617
865,31.73770523071289
866,31.344263076782227
867,29.934425354003906
868,29.8360652923584
869,29.04918098449707
870,28.491804122924805
871,27.8360652923584
872,27.213115692138672
873,26.26229476928711
874,26.360654830932617
875,25.442623138427734
876,25.081966400146484
877,25.508195877075195
878,25.278688430786133
879,25.508195877075195
880,25.540983200073242
881,25.409835815429688
882,25.04918098449707
883,24.95081901550293
884,24.62295150756836
885,25.245901107788086
886,24.1639347076416
887,23.770492553710938
888,24.327869415283203
889,24.19672203063965
890,24.62295150756836
891,25.081966400146484
892,24.459016799926758
893,25.508195877075195
894,25.31147575378418
895,25.80327796936035
896,25.147541046142578
897,25.37704849243164
898,25.47541046142578
899,25.016393661499023
900,25.081966400146484
901,25.180328369140625
902,24.786884307861328
903,24.52458953857422
904,24.295082092285156
905,23.967212677001953
906,23.606557846069336
907,23.180328369140625
908,22.459016799926758
909,22.065574645996094
910,21.04918098449707
911,20.819671630859375
912,20.393442153930664
913,20
914,19.540983200073242
915,19.180328369140625
916,18.88524627685547
917,18.88524627685547
918,18.754098892211914
919,18.557376861572266
920,18.327869415283203
921,18.032787322998047
922,17.606557846069336
923,17.180328369140625
924,16.590164184570312
925,16.032787322998047
926,15.540983200073242
927,14.68852424621582
928,14.9180326461792
929,22.327869415283203
930,12.393442153930664
931,12.721311569213867
932,12.557376861572266
933,22.098360061645508
934,12.950819969177246
935,22.655736923217773
936,22.852458953857422
937,11.934426307678223
938,12.786885261535645
939,12
940,12.327868461608887
941,12.327868461608887
942,11.442623138427734
943,11.73770523071289
944,20.88524627685547
945,10.26229476928711
946,10.557376861572266
947,10.229508399963379
948,9.147541046142578
949,9.704917907714844
950,9.704917907714844
951,18.754098892211914
952,8.524590492248535
953,18.655736923217773
954,19.672130584716797
955,18.852458953857422
956,20.393442153930664
957,20.68852424621582
958,20.786884307861328
959,20.62295150756836
960,20.95081901550293
961,21.180328369140625
962,21.147541046142578
963,21.081966400146484
964,21.016393661499023
965,21.081966400146484
966,21.081966400146484
967,20.95081901550293
968,20.360654830932617
969,20
970,19.967212677001953
971,19.442623138427734
972,17.934425354003906
973,17.73770523071289
974,17.245901107788086
975,4.6885247230529785
976,4.032786846160889
977,14.065573692321777
978,14.68852424621582
979,12.852458953857422
980,12.131147384643555
981,10.786885261535645
982,10.557376861572266
983,10.786885261535645
984,9.245902061462402
985,8.9180326461792
986,9.540983200073242
987,8.459016799926758
988,8.229508399963379
989,8.065573692321777
990,7.573770523071289
991,7.147541046142578
992,7.377048969268799
993,6.393442630767822
994,5.475409984588623
995,5.34426212310791
996,5.836065769195557
997,5.180327892303467
998,5.573770523071289
999,5.5409836769104
1000,5.3114752769470215
1001,5.3114752769470215
1002,4.8852458000183105
1003,4.918032646179199
1004,4.754098415374756
1005,4.491803169250488
1006,4.196721076965332
1007,4
1008,3.9344263076782227
1009,3.6065573692321777
1010,3.180327892303467
1011,3.0819671154022217
1012,3.1147541999816895
1013,2.754098415374756
1014,3.0163934230804443
1015,2.950819730758667
1016,2.9180328845977783
1017,2.4918031692504883
1018,2.4590163230895996
1019,2.4918031692504883
1020,2.426229476928711
1021,2.131147623062134
1022,1.6065573692321777
1023,1.4426229000091553
1024,1.2459015846252441
1025,0.9508196711540222
1026,0.7868852615356445
1027,0.4262295067310333
1028,0.39344263076782227
1029,0.09836065769195557
1030,0
1031,-0.2950819730758667
1032,-0.39344263076782227
1033,-0.5245901346206665
1034,-0.2295081913471222
1035,0.06557376682758331
1036,0.6557376980781555
1037,0.9180327653884888
1038,0.9836065769195557
1039,0.8196721076965332
1040,1.3442622423171997
1041,1.311475396156311
1042,1.5409835577011108
1043,1.6721311807632446
1044,1.934426188468933
1045,2.131147623062134
1046,2.5573770999908447
1047,2.852458953857422
1048,3.1147541999816895
1049,3.4426229000091553
1050,3.8360655307769775
1051,4.262295246124268
1052,4.754098415374756
1053,5.3114752769470215
1054,5.672131061553955
1055,6.065573692321777
1056,6.295082092285156
1057,6.65573787689209
1058,7.016393661499023
1059,7.409836292266846
1060,7.868852615356445
1061,8.295082092285156
1062,8.459016799926758
1063,8.622950553894043
1064,8.9180326461792
1065,8.983606338500977
1066,8.885246276855469
1067,8.852458953857422
1068,8.65573787689209
1069,8.524590492248535
1070,8.68852424621582
1071,8.786885261535645
1072,8.721311569213867
1073,8.983606338500977
1074,8.721311569213867
1075,8.819672584533691
1076,8.491803169250488
1077,8.163934707641602
1078,8.098361015319824
1079,7.770491600036621
1080,7.34426212310791
1081,6.65573787689209
1082,6.065573692321777
1083,5.377048969268799
1084,4.6885247230529785
1085,4.131147384643555
1086,3.6393442153930664
1087,2.819672107696533
1088,2.196721315383911
1089,1.573770523071289
1090,0.9508196711540222
1091,0.8852459192276001
1092,0.688524603843689
1093,0.4262295067310333
1094,0.5573770403862
1095,0.26229506731033325
1096,-0.13114753365516663
1097,-0.09836065769195557
1098,-0.19672131538391113
1099,-0.4262295067310333
1100,-0.32786884903907776
1101,-0.32786884903907776
1102,0.06557376682758331
1103,0.7540983557701111
1104,2.721311569213867
1105,4.327868938446045
1106,6.7868852615356445
1107,8.491803169250488
1108,10.524590492248535
1109,12.590164184570312
1110,14.557376861572266
1111,16.52458953857422
1112,18.655736923217773
1113,20.655736923217773
1114,21.47541046142578
1115,23.016393661499023
1116,23.704917907714844
1117,25.508195877075195
1118,26.1639347076416
1119,27.672130584716797
1120,28.655736923217773
1121,29.704917907714844
1122,30.1639347076416
1123,30.852458953857422
1124,31.57377052307129
1125,33.11475372314453
1126,33.50819778442383
1127,-5.573770523071289
1128,35.86885070800781
1129,36.3934440612793
1130,37.83606719970703
1131,18.52458953857422
1132,18.229507446289062
1133,19.278688430786133
1134,19.180328369140625
1135,19.704917907714844
1136,20.229507446289062
1137,20.786884307861328
1138,21.47541046142578
1139,21.73770523071289
1140,21.770492553710938
1141,22.229507446289062
1142,22.032787322998047
1143,22.590164184570312
1144,23.278688430786133
1145,23.409835815429688
1146,18.852458953857422
1147,18.590164184570312
1148,18.491804122924805
1149,18.983606338500977
1150,44.49180221557617
1151,45.01639175415039
1152,20.032787322998047
1153,22.491804122924805
1154,23.37704849243164
1155,23.967212677001953
1156,23.73770523071289
1157,24.52458953857422
1158,25.606557846069336
1159,25.57377052307129
1160,26.754098892211914
1161,27.639345169067383
1162,28.62295150756836
1163,28.983606338500977
1164,30.229507446289062
1165,32.16393280029297
1166,33.37704849243164
1167,33.704917907714844
1168,33.14754104614258
1169,33.6065559387207
1170,33.83606719970703
1171,34.065574645996094
1172,34.459014892578125
1173,34.918033599853516
1174,35.50819778442383
1175,36.655738830566406
1176,-26.131147384643555
1177,-34.52458953857422
1178,-31.901639938354492
1179,-29.770492553710938
1180,-27.639345169067383
1181,-24.95081901550293
1182,-21.934425354003906
1183,-18.655736923217773
1184,13.377049446105957
1185,15.016393661499023
1186,17.606557846069336
1187,20.459016799926758
1188,23.672130584716797
1189,62.295082092285156
1190,64.52458953857422
1191,7.2131147384643555
1192,11.180327415466309
1193,14.590164184570312
1194,-29.442623138427734
1195,1.6065573692321777
1196,24.62295150756836
1197,3.6393442153930664
1198,3.8360655307769775
1199,4.327868938446045
1200,4.590163707733154
1201,-21.180328369140625
1202,5.508196830749512
1203,6.262295246124268
1204,6.950819492340088
1205,7.278688430786133
1206,8.622950553894043
1207,10.295082092285156
1208,11.016393661499023
1209,11.213114738464355
1210,12.590164184570312
1211,13.0819673538208
1212,12.327868461608887
1213,13.31147575378418
1214,15.180327415466309
1215,-8.557376861572266
1216,-6.754098415374756
1217,-6.262295246124268
1218,-5.2131147384643555
1219,-3.803278684616089
1220,-2.7868852615356445
1221,0
1222,0.4590163826942444
1223,-0.8852459192276001
1224,-2.426229476928711
1225,-2.196721315383911
1226,-1.573770523071289
1227,0.032786883413791656
1228,1.4098360538482666
1229,2.9180328845977783
1230,3.7377049922943115
1231,-18.754098892211914
1232,-1.737704873085022
1233,-1.4754098653793335
1234,-0.3606557250022888
1235,-2.295081853866577
1236,-7.475409984588623
1237,-10.786885261535645
1238,15.34426212310791
1239,19.73770523071289
1240,-2.852458953857422
1241,-2.196721315383911
1242,-4.983606338500977
1243,-8.557376861572266
1244,-10.622950553894043
1245,-9.409835815429688
1246,-9.377049446105957
1247,-11.409835815429688
1248,-12.491803169250488
1249,-11.672131538391113
1250,30.983606338500977
1251,37.77049255371094
1252,-1.3442622423171997
1253,0.6557376980781555
1254,2.327868938446045
1255,-0.032786883413791656
1256,-4.983606338500977
1257,-6.721311569213867
1258,-6.098360538482666
1259,-4.983606338500977
1260,-1.4098360538482666
1261,0.2295081913471222
1262,0.4590163826942444
1263,0.8524590134620667
1264,1.7704918384552002
1265,-0.49180328845977783
1266,-1.8032786846160889
1267,19.081966400146484
1268,16.393442153930664
1269,11.934426307678223
1270,-11.836065292358398
1271,-10.9180326461792
1272,35.14754104614258
1273,-4.590163707733154
1274,-2.950819730758667
1275,-2.7868852615356445
1276,-4.327868938446045
1277,-1.8032786846160889
1278,1.4098360538482666
1279,1.573770523071289
1280,11.409835815429688
1281,13.180327415466309
1282,-0.39344263076782227
1283,-4.229508399963379
1284,17.967212677001953
1285,27.57377052307129
1286,24.819671630859375
1287,22.295082092285156
1288,19.442623138427734
1289,16.393442153930664
1290,-29.245901107788086
1291,-31.704917907714844
1292,-32.918033599853516
1293,9.180327415466309
1294,11.114753723144531
1295,-14.852458953857422
1296,13.475409507751465
1297,14.885246276855469
1298,4.491803169250488
1299,3.245901584625244
1300,17.8360652923584
1301,15.672131538391113
1302,-30.852458953857422
1303,-30.52458953857422
1304,15.508196830749512
1305,8.459016799926758
1306,13.704917907714844
1307,16.754098892211914
1308,20.065574645996094
1309,22.918033599853516
1310,25.344263076782227
1311,-16.557376861572266
1312,-15.508196830749512
1313,-14.852458953857422
1314,-14.950819969177246
1315,-18.95081901550293
1316,-20.754098892211914
1317,-20.590164184570312
1318,-20.393442153930664
1319,-19.73770523071289
1320,-19.508195877075195
1321,-18.786884307861328
1322,-18.393442153930664
1323,-21.180328369140625
1324,-23.901639938354492
1325,18.95081901550293
1326,25.278688430786133
1327,-19.278688430786133
1328,-18.655736923217773
1329,11.508196830749512
1330,12.557376861572266
1331,14.721311569213867
1332,-24.590164184570312
1333,0.8852459192276001
1334,0.7540983557701111
1335,-25.180328369140625
1336,-24.721311569213867
1337,22.819671630859375
1338,-25.016393661499023
1339,-0.09836065769195557
1340,-16.360654830932617
1341,-0.688524603843689
1342,-15.573770523071289
1343,1.2459015846252441
1344,23.639345169067383
1345,-24.754098892211914
1346,0.6557376980781555
1347,-26.62295150756836
1348,-16.754098892211914
1349,-16.786884307861328
1350,-17.04918098449707
1351,-16.19672203063965
1352,19.180328369140625
1353,24.88524627685547
1354,-22
1355,-22.065574645996094
1356,21.606557846069336
1357,-25.868852615356445
1358,15.672131538391113
1359,11.803278923034668
1360,-37.180328369140625
1361,-36.62295150756836
1362,-35.344261169433594
1363,9.967212677001953
1364,-35.278690338134766
1365,-35.40983581542969
1366,10.819672584533691
1367,-34.36065673828125
1368,11.34426212310791
1369,10.229508399963379
1370,7.967213153839111
1371,-42.88524627685547
1372,-42.95082092285156
1373,-42.78688430786133
1374,-42.196720123291016
1375,-41.442623138427734
1376,-41.90163803100586
1377,-41.37704849243164
1378,-40.78688430786133
1379,-40.62295150756836
1380,-40.918033599853516
1381,-41.77049255371094
1382,-42.918033599853516
1383,-43.180328369140625
1384,-43.803279876708984
1385,-44.3278694152832
1386,-44.459014892578125
1387,-45.081966400146484
1388,-45.573768615722656
1389,-46.78688430786133
1390,-47.50819778442383
1391,-48.196720123291016
1392,-48.819671630859375
1393,-49.37704849243164
1394,17.540983200073242
1395,16.68852424621582
1396,14.622950553894043
1397,12.131147384643555
1398,11.73770523071289
1399,8.622950553894043
1400,27.606557846069336
1401,10.065573692321777
1402,8.885246276855469
1403,6.8852458000183105
1404,1.0819672346115112
1405,-11.147541046142578
1406,-16.098360061645508
1407,-19.73770523071289
1408,-24.032787322998047
1409,-28
1410,-31.508195877075195
1411,-34.03278732299805
1412,37.77049255371094
1413,37.04917907714844
1414,35.11475372314453
1415,34.3934440612793
1416,33.14754104614258
1417,31.967212677001953
1418,31.147541046142578
1419,24.19672203063965
1420,28.557376861572266
1421,27.868852615356445
1422,20.68852424621582
1423,19.901639938354492
1424,19.967212677001953
1425,25.278688430786133
1426,24.557376861572266
1427,1.2786885499954224
1428,0.39344263076782227
1429,51.73770523071289
1430,51.081966400146484
1431,50
1432,48.819671630859375
1433,46.819671630859375
1434,46.16393280029297
1435,44.62295150756836
1436,42.26229476928711
1437,40.85245895385742
1438,39.47541046142578
1439,38.49180221557617
1440,37.21311569213867
1441,36.196720123291016
1442,33.803279876708984
1443,32.819671630859375
1444,31.80327796936035
1445,30.852458953857422
1446,30.360654830932617
1447,29.31147575378418
1448,5.672131061553955
1449,4.524590015411377
1450,3.8360655307769775
1451,3.5409836769104004
1452,3.245901584625244
1453,3.0163934230804443
1454,2.3934426307678223
1455,2
1456,2.098360538482666
1457,1.8688524961471558
1458,3.4426229000091553
1459,2.196721315383911
1460,3.0819671154022217
1461,2.721311569213867
1462,1.2459015846252441
1463,1.2459015846252441
1464,0.6229507923126221
1465,0.19672131538391113
1466,0.19672131538391113
1467,1.377049207687378
1468,0.7868852615356445
1469,0.6557376980781555
1470,-1.0819672346115112
1471,0.4262295067310333
1472,-0.8852459192276001
1473,-0.9836065769195557
1474,-0.9836065769195557
1475,0.06557376682758331
1476,-1.2459015846252441
1477,0.4590163826942444
1478,-0.39344263076782227
1479,0.13114753365516663
1480,-0.16393442451953888
1481,-2.0327868461608887
1482,-1.934426188468933
1483,-2
1484,-2.327868938446045
1485,-2.950819730758667
1486,-2.6885244846343994
1487,-2.524590253829956
1488,-1.1803278923034668
1489,-3.3114755153656006
1490,-3.2131147384643555
1491,-3.049180269241333
1492,-1.573770523071289
1493,-1.9016393423080444
1494,-3.868852376937866
1495,-4.622951030731201
1496,-4.65573787689209
1497,-4.426229476928711
1498,-3.245901584625244
1499,-5.245901584625244
1500,-5.737704753875732
1501,-5.901639461517334
1502,-5.901639461517334
1503,-6.590163707733154
1504,-6.819672107696533
1505,-7.573770523071289
1506,-7.967213153839111
1507,-8.360655784606934
1508,-8.68852424621582
1509,-8.491803169250488
1510,-8.786885261535645
1511,-6.754098415374756
1512,-8.754097938537598
1513,-6.819672107696533
1514,-9.245902061462402
1515,-7.2131147384643555
1516,-7.377048969268799
1517,-7.704917907714844
1518,-7.737704753875732
1519,-10.163934707641602
1520,-10.65573787689209
1521,-9.147541046142578
1522,-9.147541046142578
1523,-9.245902061462402
1524,-10.032787322998047
1525,-11.934426307678223
1526,-12.065573692321777
1527,-12.163934707641602
1528,-10.098361015319824
1529,-10.065573692321777
1530,-10.26229476928711
1531,-10.68852424621582
1532,-11.770491600036621
1533,-12.196721076965332
1534,-12.819672584533691
1535,-13.213114738464355
1536,-15.114753723144531
1537,-15.639344215393066
1538,-15.442623138427734
1539,-13.934426307678223
1540,-13.213114738464355
1541,-13.180327415466309
1542,-12.786885261535645
1543,-12.819672584533691
1544,-12.819672584533691
1545,-12.754097938537598
1546,-12.721311569213867
1547,-12.852458953857422
1548,-13.377049446105957
1549,-13.278688430786133
1550,-13.704917907714844
1551,-13.606557846069336
1552,-14.032787322998047
1553,-13.803278923034668
1554,-14.163934707641602
1555,-14.65573787689209
1556,-15.049180030822754
1557,-14.819672584533691
1558,-15.442623138427734
1559,-15.409835815429688
1560,-16
1561,-16.68852424621582
1562,-16.655736923217773
1563,-17.016393661499023
1564,-17.31147575378418
1565,-17.180328369140625
1566,-17.04918098449707
1567,-16.754098892211914
1568,-16.655736923217773
1569,-16.557376861572266
1570,-16.1639347076416
1571,-16.229507446289062
1572,-16.26229476928711
1573,-16.295082092285156
1574,-16.786884307861328
1575,-17.081966400146484
1576,-17.245901107788086
1577,-17.606557846069336
1578,-18.065574645996094
1579,-18.327869415283203
1580,-18.983606338500977
1581,-19.639345169067383
1582,-20.295082092285156
1583,-20.26229476928711
1584,-20.393442153930664
1585,-20.918033599853516
1586,-20.721311569213867
1587,-21.245901107788086
1588,-21.147541046142578
1589,-20.62295150756836
1590,-20.52458953857422
1591,-20.68852424621582
1592,-20.918033599853516
1593,-21.04918098449707
1594,-21.540983200073242
1595,-21.37704849243164
1596,-21.639345169067383
1597,-22.19672203063965
1598,-22.19672203063965
1599,-22.229507446289062
1600,-22.655736923217773
1601,-22.42622947692871
1602,-22.295082092285156
1603,-22.327869415283203
1604,-22.327869415283203
1605,-22.62295150756836
1606,-22.098360061645508
1607,-22.098360061645508
1608,-22.065574645996094
1609,-21.770492553710938
1610,-21.540983200073242
1611,-21.278688430786133
1612,-20.983606338500977
1613,-20.557376861572266
1614,-20.459016799926758
1615,-20.52458953857422
1616,-19.868852615356445
1617,-19.901639938354492
1618,-19.967212677001953
1619,-19.57377052307129
1620,-19.508195877075195
1621,-19.704917907714844
1622,-19.278688430786133
1623,-19.31147575378418
1624,-19.508195877075195
1625,-19.180328369140625
1626,-19.639345169067383
1627,-19.8360652923584
1628,-20.19672203063965
1629,-20.295082092285156
1630,-20.229507446289062
1631,-19.770492553710938
1632,-19.80327796936035
1633,-19.37704849243164
1634,-18.852458953857422
1635,-18.295082092285156
1636,-17.704917907714844
1637,-17.147541046142578
1638,-16.360654830932617
1639,-15.803278923034668
1640,-15.34426212310791
1641,-14.721311569213867
1642,-14.098361015319824
1643,-13.540983200073242
1644,-12.819672584533691
1645,-12.524590492248535
1646,-12
1647,-11.672131538391113
1648,-11.147541046142578
1649,-11.016393661499023
1650,-10.721311569213867
1651,-10.491803169250488
1652,-10.393442153930664
1653,-10.131147384643555
1654,-10.098361015319824
1655,-9.934426307678223
1656,-9.803278923034668
1657,-9.442623138427734
1658,-9.245902061462402
1659,-8.950819969177246
1660,-8.360655784606934
1661,-7.770491600036621
1662,-7.147541046142578
1663,-6.196721076965332
1664,-5.377048969268799
1665,-4.6885247230529785
1666,-3.803278684616089
1667,-3.0163934230804443
1668,-2.7868852615356445
1669,-2.426229476928711
1670,-1.8032786846160889
1671,-0.7213114500045776
1672,0.688524603843689
1673,2.6557376384735107
1674,4.918032646179199
1675,7.442623138427734
1676,10.065573692321777
1677,13.672131538391113
1678,16.983606338500977
1679,17.04918098449707
1680,18.590164184570312
1681,18.491804122924805
1682,18.327869415283203
1683,17.278688430786133
1684,16.491804122924805
1685,14.950819969177246
1686,13.639344215393066
1687,11.803278923034668
1688,10.622950553894043
1689,9.34426212310791
1690,7.901639461517334
1691,6.721311569213867
1692,6.032786846160889
1693,5.606557369232178
1694,5.508196830749512
1695,5.1147541999816895
1696,4.426229476928711
1697,3.704918146133423
1698,3.2131147384643555
1699,3.5409836769104004
1700,5.836065769195557
1701,8.786885261535645
1702,12
1703,15.31147575378418
1704,17.508195877075195
1705,20.295082092285156
1706,22.360654830932617
1707,24.26229476928711
1708,26.491804122924805
1709,27.8360652923584
1710,30
1711,31.639345169067383
1712,32.85245895385742
1713,34.09836196899414
1714,35.934425354003906
1715,36.3934440612793
1716,45.14754104614258
1717,44.819671630859375
1718,-7.081967353820801
1719,-6.163934230804443
1720,45.934425354003906
1721,46.68852615356445
1722,47.90163803100586
1723,49.01639175415039
1724,-1.6393442153930664
1725,20.983606338500977
1726,22.295082092285156
1727,24.295082092285156
1728,24.983606338500977
1729,26.557376861572266
1730,28.065574645996094
1731,19.147541046142578
1732,29.73770523071289
1733,22.032787322998047
1734,10.557376861572266
1735,12.557376861572266
1736,14.819672584533691
1737,4.983606338500977
1738,6.524590015411377
1739,-31.606557846069336
1740,-29.180328369140625
1741,-25.770492553710938
1742,-22.721311569213867
1743,-19.57377052307129
1744,-16.590164184570312
1745,62.49180221557617
1746,65.04917907714844
1747,-7.901639461517334
1748,-29.442623138427734
1749,22.360654830932617
1750,24.721311569213867
1751,-23.278688430786133
1752,-20.491804122924805
1753,-18.786884307861328
1754,-16.918033599853516
1755,-15.442623138427734
1756,-38.16393280029297
1757,-32.22950744628906
1758,-32.59016418457031
1759,-40.721309661865234
1760,-31.704917907714844
1761,-32.62295150756836
1762,-32.721309661865234
1763,-33.6065559387207
1764,-34.13114929199219
1765,-34.13114929199219
1766,-35.63934326171875
1767,-36.49180221557617
1768,-36.95082092285156
1769,-38.065574645996094
1770,-39.442623138427734
1771,-40.98360824584961
1772,-42.819671630859375
1773,-44.819671630859375
1774,-46.88524627685547
1775,17.147541046142578
1776,14.557376861572266
1777,-52
1778,-52.88524627685547
1779,17.213115692138672
1780,11.442623138427734
1781,10.983606338500977
1782,-3.704918146133423
1783,-0.8196721076965332
1784,0.6557376980781555
1785,0.49180328845977783
1786,1.2131147384643555
1787,1.6065573692321777
1788,2.4918031692504883
1789,3.573770523071289
1790,3.704918146133423
1791,4.6885247230529785
1792,5.868852615356445
1793,6.590163707733154
1794,-30.032787322998047
1795,-29.606557846069336
1796,-29.442623138427734
1797,-27.967212677001953
1798,-27.606557846069336
1799,-26.491804122924805
1800,-25.180328369140625
1801,14.65573787689209
1802,17.770492553710938
1803,-29.081966400146484
1804,-27.606557846069336
1805,31.704917907714844
1806,-29.80327796936035
1807,-21.442623138427734
1808,-23.213115692138672
1809,-24.491804122924805
1810,-26.590164184570312
1811,-28.327869415283203
1812,-29.606557846069336
1813,-30.590164184570312
1814,-30.62295150756836
1815,-30.26229476928711
1816,-29.8360652923584
1817,-29.31147575378418
1818,-27.967212677001953
1819,-27.672130584716797
1820,-27.770492553710938
1821,-28.42622947692871
1822,-29.245901107788086
1823,-29.278688430786133
1824,-28.655736923217773
1825,-27.180328369140625
1826,16.42622947692871
1827,19.934425354003906
1828,-30.459016799926758
1829,-21.868852615356445
1830,-24.327869415283203
1831,-27.278688430786133
1832,-29.213115692138672
1833,16.26229476928711
1834,14.65573787689209
1835,-34.36065673828125
1836,-32.655738830566406
1837,-28.1639347076416
1838,20.065574645996094
1839,-29.540983200073242
1840,35.081966400146484
1841,34.85245895385742
1842,-29.442623138427734
1843,34.75409698486328
1844,34.49180221557617
1845,-21.081966400146484
1846,-20.88524627685547
1847,33.704917907714844
1848,35.40983581542969
1849,-27.639345169067383
1850,-16.032787322998047
1851,-25.47541046142578
1852,-2.9836065769195557
1853,-20.032787322998047
1854,23.37704849243164
1855,20.721311569213867
1856,20.62295150756836
1857,9.049180030822754
1858,16
1859,22.62295150756836
1860,24.393442153930664
1861,24.52458953857422
1862,25.31147575378418
1863,-21.57377052307129
1864,-18.491804122924805
1865,-18.491804122924805
1866,-19.081966400146484
1867,-20.360654830932617
1868,-21.868852615356445
1869,-8
1870,-15.606557846069336
1871,-11.868852615356445
1872,-9.475409507751465
1873,-8.163934707641602
1874,-7.049180507659912
1875,-0.9180327653884888
1876,16.590164184570312
1877,-16.983606338500977
1878,-15.147541046142578
1879,-13.213114738464355
1880,16.62295150756836
1881,-21.147541046142578
1882,-23.80327796936035
1883,-23.344263076782227
1884,-21.04918098449707
1885,14.295082092285156
1886,-18.95081901550293
1887,-15.573770523071289
1888,17.11475372314453
1889,10.590164184570312
1890,-24.19672203063965
1891,-23.672130584716797
1892,-22.95081901550293
1893,-24
1894,-21.508195877075195
1895,31.967212677001953
1896,-12.885246276855469
1897,21.540983200073242
1898,-7.377048969268799
1899,-16.098360061645508
1900,16.557376861572266
1901,28.557376861572266
1902,27.04918098449707
1903,-0.6557376980781555
1904,-2.4590163230895996
1905,25.704917907714844
1906,25.672130584716797
1907,-19.606557846069336
1908,20.819671630859375
1909,-25.704917907714844
1910,-27.213115692138672
1911,22.655736923217773
1912,16.098360061645508
1913,24.983606338500977
1914,4.196721076965332
1915,17.770492553710938
1916,14.229508399963379
1917,11.73770523071289
1918,9.278688430786133
1919,8.885246276855469
1920,10.852458953857422
1921,-34.065574645996094
1922,2.0655736923217773
1923,4.065573692321777
1924,5.2131147384643555
1925,19.409835815429688
1926,14.786885261535645
1927,10.786885261535645
1928,6.6885247230529785
1929,19.409835815429688
1930,4.590163707733154
1931,21.47541046142578
1932,4.754098415374756
1933,12.885246276855469
1934,-12.950819969177246
1935,-14.426229476928711
1936,12.295082092285156
1937,-22.721311569213867
1938,33.40983581542969
1939,29.8360652923584
1940,26.360654830932617
1941,23.31147575378418
1942,20.327869415283203
1943,18.26229476928711
1944,45.704917907714844
1945,43.21311569213867
1946,42.09836196899414
1947,41.081966400146484
1948,40.459014892578125
1949,40.36065673828125
1950,27.606557846069336
1951,27.672130584716797
1952,27.31147575378418
1953,27.73770523071289
1954,27.73770523071289
1955,42.09836196899414
1956,41.442623138427734
1957,10.950819969177246
1958,39.344261169433594
1959,37.934425354003906
1960,36.557376861572266
1961,35.11475372314453
1962,15.34426212310791
1963,14.885246276855469
1964,14.459016799926758
1965,13.803278923034668
1966,12.786885261535645
1967,11.967212677001953
1968,10.819672584533691
1969,9.540983200073242
1970,7.672131061553955
1971,6.196721076965332
1972,4.524590015411377
1973,2.7868852615356445
1974,0.2295081913471222
1975,-1.2459015846252441
1976,-1.6393442153930664
1977,19.278688430786133
1978,-3.7704918384552
1979,-5.377048969268799
1980,-6.065573692321777
1981,-6.65573787689209
1982,-6.557376861572266
1983,-6.8852458000183105
1984,-7.442623138427734
1985,-8.819672584533691
1986,-8.68852424621582
1987,-9.704917907714844
1988,-10.295082092285156
1989,-10.360655784606934
1990,-11.770491600036621
1991,-11.114753723144531
1992,-11.540983200073242
1993,-11.770491600036621
1994,-12.360655784606934
1995,-12.68852424621582
1996,-13.409835815429688
1997,-14.26229476928711
1998,-14.65573787689209
1999,-14.393442153930664
2000,-16.065574645996094
2001,-16.754098892211914
2002,-16.42622947692871
2003,-17.213115692138672
2004,-17.278688430786133
2005,-17.770492553710938
2006,-17.31147575378418
2007,-18.491804122924805
2008,-18.557376861572266
2009,-18.721311569213867
2010,-18.852458953857422
2011,-19.11475372314453
2012,-19.508195877075195
2013,-20.327869415283203
2014,-21.442623138427734
2015,-22.19672203063965
2016,-21.704917907714844
2017,-21.80327796936035
2018,-22.68852424621582
2019,-22.918033599853516
2020,-23.442623138427734
2021,-23.606557846069336
2022,-23.934425354003906
2023,-24
2024,-23.901639938354492
2025,-24.68852424621582
2026,-24.819671630859375
2027,-24.131147384643555
2028,-24.1639347076416
2029,-24.42622947692871
2030,-25.081966400146484
2031,-24.459016799926758
2032,-24.62295150756836
2033,-25.11475372314453
2034,-24.95081901550293
2035,-25.278688430786133
2036,-25.213115692138672
2037,-25.606557846069336
2038,-26.1639347076416
2039,-26.131147384643555
2040,-26.393442153930664
2041,-26.52458953857422
2042,-26.42622947692871
2043,-26.557376861572266
2044,-26.26229476928711
2045,-27.245901107788086
2046,-27.73770523071289
2047,-28.19672203063965
2048,-28.42622947692871
2049,-28.754098892211914
2050,-29.147541046142578
2051,-29.606557846069336
2052,-29.245901107788086
2053,-29.540983200073242
2054,-30.459016799926758
2055,-30.065574645996094
2056,-31.245901107788086
2057,-31.540983200073242
2058,-30.754098892211914
2059,-30.95081901550293
2060,-30.88524627685547
2061,-31.47541046142578
2062,-31.442623138427734
2063,-31.8360652923584
2064,-31.47541046142578
2065,-31.57377052307129
2066,-31.409835815429688
2067,-31.409835815429688
2068,-31.180328369140625
2069,-31.04918098449707
2070,-31.213115692138672
2071,-31.508195877075195
2072,-31.770492553710938
2073,-32.295082092285156
2074,-32.59016418457031
2075,-32.98360824584961
2076,-33.14754104614258
2077,-33.40983581542969
2078,-33.83606719970703
2079,-34.26229476928711
2080,-34.52458953857422
2081,-34.62295150756836
2082,-34.59016418457031
2083,-34.3278694152832
2084,-34.03278732299805
2085,-33.24590301513672
2086,-33.11475372314453
2087,-33.081966400146484
2088,-33.180328369140625
2089,-33.344261169433594
2090,-33.73770523071289
2091,-33.90163803100586
2092,-33.934425354003906
2093,-34.13114929199219
2094,-34.065574645996094
2095,-34.655738830566406
2096,-34.75409698486328
2097,-35.180328369140625
2098,-35.081966400146484
2099,-36.065574645996094
2100,-36
2101,-36.557376861572266
2102,-36.721309661865234
2103,-36.721309661865234
2104,-36.426231384277344
2105,-36.13114929199219
2106,-36.3934440612793
2107,-36.295082092285156
2108,-36.59016418457031
2109,-37.442623138427734
2110,-37.6721305847168
2111,-38.13114929199219
2112,-38.459014892578125
2113,-38.78688430786133
2114,-38.918033599853516
2115,-39.04917907714844
2116,-39.04917907714844
2117,-39.11475372314453
2118,-39.47541046142578
2119,-39.934425354003906
2120,-40.36065673828125
2121,-41.01639175415039
2122,-41.47541046142578
2123,-41.704917907714844
2124,-41.934425354003906
2125,-42.22950744628906
2126,-42.49180221557617
2127,-42.918033599853516
2128,-43.21311569213867
2129,-43.50819778442383
2130,-43.803279876708984
2131,-43.90163803100586
2132,-24.327869415283203
2133,-44.295082092285156
2134,-45.04917907714844
2135,-44.918033599853516
2136,-44.98360824584961
2137,-45.40983581542969
2138,-45.90163803100586
2139,-25.868852615356445
2140,-25.901639938354492
2141,-26.229507446289062
2142,-46.49180221557617
2143,-46.52458953857422
2144,-46.655738830566406
2145,-46.85245895385742
2146,-47.21311569213867
2147,-27.344263076782227
2148,-47.63934326171875
2149,-47.704917907714844
2150,-47.63934326171875
2151,-47.50819778442383
2152,-47.40983581542969
2153,-47.31147384643555
2154,-47.40983581542969
2155,-47.573768615722656
2156,-47.573768615722656
2157,-47.90163803100586
2158,-47.96721267700195
2159,-47.63934326171875
2160,-47.90163803100586
2161,-47.90163803100586
2162,-47.934425354003906
2163,-48.03278732299805
2164,-47.83606719970703
2165,-47.573768615722656
2166,-47.40983581542969
2167,-46.78688430786133
2168,-46.721309661865234
2169,-46.85245895385742
2170,-46.819671630859375
2171,-46.98360824584961
2172,-47.573768615722656
2173,-27.868852615356445
2174,-47.37704849243164
2175,-47.081966400146484
2176,-46.655738830566406
2177,-46.295082092285156
2178,-46.22950744628906
2179,-46.065574645996094
2180,-46.03278732299805
2181,-46
2182,-45.47541046142578
2183,-45.803279876708984
2184,-45.573768615722656
2185,-45.344261169433594
2186,-45.31147384643555
2187,-45.01639175415039
2188,-44.59016418457031
2189,-44.36065673828125
2190,-43.6065559387207
2191,-43.63934326171875
2192,-43.573768615722656
2193,-43.04917907714844
2194,-43.77049255371094
2195,-44.22950744628906
2196,-44.62295150756836
2197,-44.68852615356445
2198,-45.540985107421875
2199,-45.31147384643555
2200,-45.6065559387207
2201,-45.573768615722656
2202,-45.540985107421875
2203,-45.47541046142578
2204,-45.6721305847168
2205,-45.73770523071289
2206,-45.573768615722656
2207,-45.77049255371094
2208,-45.86885070800781
2209,-45.934425354003906
2210,-45.90163803100586
2211,-46.16393280029297
2212,-45.704917907714844
2213,-45.83606719970703
2214,-45.6065559387207
2215,-45.540985107421875
2216,-44.819671630859375
2217,-44.22950744628906
2218,-43.01639175415039
2219,-42.196720123291016
2220,-41.31147384643555
2221,-39.96721267700195
2222,-39.11475372314453
2223,-37.6065559387207
2224,-35.6065559387207
2225,-32.88524627685547
2226,-31.31147575378418
2227,-29.80327796936035
2228,-28.19672203063965
2229,-26.491804122924805
2230,-25.409835815429688
2231,-24.295082092285156
2232,-22.393442153930664
2233,-20.360654830932617
2234,-18.62295150756836
2235,-17.081966400146484
2236,-15.31147575378418
2237,-13.803278923034668
2238,-11.704917907714844
2239,-10.426229476928711
2240,-9.180327415466309
2241,-7.868852615356445
2242,-6.983606338500977
2243,-5.868852615356445
2244,-4.950819492340088
2245,-3.6065573692321777
2246,-2.2295081615448
2247,-1.2786885499954224
2248,0.09836065769195557
2249,1.311475396156311
2250,2.8852458000183105
2251,4.4590163230896
2252,5.508196830749512
2253,6.229508399963379
2254,7.442623138427734
2255,8.393442153930664
2256,9.475409507751465
2257,9.540983200073242
2258,8.852458953857422
2259,8.68852424621582
2260,9.0819673538208
2261,10.459016799926758
2262,11.606557846069336
2263,13.31147575378418
2264,15.245902061462402
2265,16.721311569213867
2266,17.901639938354492
2267,18.983606338500977
2268,20.68852424621582
2269,23.31147575378418
2270,25.344263076782227
2271,32.3934440612793
2272,33.96721267700195
2273,34.98360824584961
2274,35.540985107421875
2275,30.229507446289062
2276,36.68852615356445
2277,37.83606719970703
2278,38.13114929199219
2279,38.85245895385742
2280,38.85245895385742
2281,39.540985107421875
2282,40.065574645996094
2283,40.3278694152832
2284,41.50819778442383
2285,42.36065673828125
2286,43.14754104614258
2287,44
2288,44.59016418457031
2289,-6.819672107696533
2290,-6.4590163230896
2291,-5.34426212310791
2292,-4.918032646179199
2293,-3.9672131538391113
2294,49.21311569213867
2295,-2.295081853866577
2296,20.065574645996094
2297,22.1639347076416
2298,23.901639938354492
2299,25.47541046142578
2300,26.590164184570312
2301,28.295082092285156
2302,21.967212677001953
2303,25.016393661499023
2304,-36.3934440612793
2305,-33.31147384643555
2306,-32.426231384277344
2307,-29.8360652923584
2308,-29.245901107788086
2309,-28.786884307861328
2310,-26.721311569213867
2311,-25.016393661499023
2312,-23.47541046142578
2313,-21.442623138427734
2314,-20.655736923217773
2315,18
2316,17.901639938354492
2317,-2.7868852615356445
2318,-1.8688524961471558
2319,-0.7213114500045776
2320,0.6557376980781555
2321,0.9836065769195557
2322,1.7049180269241333
2323,1.2131147384643555
2324,1.6065573692321777
2325,2
2326,3.049180269241333
2327,4.229508399963379
2328,5.278688430786133
2329,6.590163707733154
2330,7.672131061553955
2331,-13.049180030822754
2332,-43.01639175415039
2333,-42.88524627685547
2334,-4.721311569213867
2335,-40.95082092285156
2336,-40.819671630859375
2337,-40.3934440612793
2338,-0.3606557250022888
2339,-6
2340,-6.7868852615356445
2341,-38.36065673828125
2342,-38.3934440612793
2343,-36.62295150756836
2344,-34.95082092285156
2345,-0.7213114500045776
2346,-0.26229506731033325
2347,-32.78688430786133
2348,-31.245901107788086
2349,-30.52458953857422
2350,-29.57377052307129
2351,-28.852458953857422
2352,-27.8360652923584
2353,-27.04918098449707
2354,-26.327869415283203
2355,9.803278923034668
2356,11.508196830749512
2357,-24.131147384643555
2358,-24.26229476928711
2359,-23.901639938354492
2360,-23.868852615356445
2361,-23.540983200073242
2362,-23.344263076782227
2363,-23.344263076782227
2364,-24.918033599853516
2365,-25.04918098449707
2366,-25.934425354003906
2367,-25.57377052307129
2368,-26.065574645996094
2369,5.901639461517334
2370,4.524590015411377
2371,-27.672130584716797
2372,-27.180328369140625
2373,-26.786884307861328
2374,9.704917907714844
2375,9.0819673538208
2376,9.540983200073242
2377,11.180327415466309
2378,22.983606338500977
2379,8.229508399963379
2380,9.704917907714844
2381,10.65573787689209
2382,10.327868461608887
2383,-24.852458953857422
2384,10.131147384643555
2385,12.131147384643555
2386,13.31147575378418
2387,25.245901107788086
2388,10.295082092285156
2389,23.11475372314453
2390,18.1639347076416
2391,9.409835815429688
2392,11.213114738464355
2393,12.9180326461792
2394,26.131147384643555
2395,25.868852615356445
2396,13.704917907714844
2397,15.508196830749512
2398,29.409835815429688
2399,28.721311569213867
2400,-0.06557376682758331
2401,10.393442153930664
2402,9.180327415466309
2403,10.786885261535645
2404,11.934426307678223
2405,13.377049446105957
2406,13.278688430786133
2407,27.508195877075195
2408,26.88524627685547
2409,12.885246276855469
2410,-0.39344263076782227
2411,11.0819673538208
2412,11.245902061462402
2413,11.0819673538208
2414,-0.5573770403862
2415,24.754098892211914
2416,24.655736923217773
2417,10.360655784606934
2418,-1.8360655307769775
2419,10.26229476928711
2420,25.278688430786133
2421,23.508195877075195
2422,22.229507446289062
2423,22.327869415283203
2424,11.868852615356445
2425,15.573770523071289
2426,29.180328369140625
2427,13.147541046142578
2428,-0.09836065769195557
2429,-1.6721311807632446
2430,26.852458953857422
2431,14.9180326461792
2432,28.68852424621582
2433,0.7868852615356445
2434,0.2295081913471222
2435,-0.7540983557701111
2436,26.098360061645508
2437,25.606557846069336
2438,24.983606338500977
2439,24.131147384643555
2440,21.47541046142578
2441,17.606557846069336
2442,16
2443,15.31147575378418
2444,14.852458953857422
2445,-1.377049207687378
2446,-2.5573770999908447
2447,-2.196721315383911
2448,-1.6393442153930664
2449,-1.0163934230804443
2450,-2.2622950077056885
2451,-2.852458953857422
2452,-2.3934426307678223
2453,-3.475409746170044
2454,-4.360655784606934
2455,-5.3114752769470215
2456,-5.1147541999816895
2457,-5.508196830749512
2458,-6.196721076965332
2459,-6.6885247230529785
2460,-5.901639461517334
2461,-5.508196830749512
2462,-5.377048969268799
2463,-5.868852615356445
2464,-6.983606338500977
2465,-7.016393661499023
2466,-7.672131061553955
2467,-7.278688430786133
2468,-7.180327892303467
2469,-8.131147384643555
2470,-9.803278923034668
2471,-10.491803169250488
2472,-11.672131538391113
2473,3.245901584625244
2474,2.6885244846343994
2475,1.8688524961471558
2476,-13.180327415466309
2477,1.2131147384643555
2478,-13.967212677001953
2479,0.9180327653884888
2480,-14.065573692321777
2481,0.09836065769195557
2482,-0.39344263076782227
2483,-1.0163934230804443
2484,-1.3442622423171997
2485,-16.491804122924805
2486,-16.229507446289062
2487,-1.573770523071289
2488,-2.426229476928711
2489,-3.9344263076782227
2490,-22
2491,-23.081966400146484
2492,-24.819671630859375
2493,-27.278688430786133
2494,-29.770492553710938
2495,-12.721311569213867
2496,-14.426229476928711
2497,-16.229507446289062
2498,-17.278688430786133
2499,-18.590164184570312
2500,-19.672130584716797
2501,-20.393442153930664
2502,-21.37704849243164
2503,-22.590164184570312
2504,17.213115692138672
2505,15.540983200073242
2506,13.967212677001953
2507,13.508196830749512
2508,12.163934707641602
2509,10.557376861572266
2510,9.540983200073242
2511,30.557376861572266
2512,-13.180327415466309
2513,5.737704753875732
2514,32.065574645996094
2515,25.11475372314453
2516,23.540983200073242
2517,22.26229476928711
2518,21.016393661499023
2519,-27.11475372314453
2520,-29.967212677001953
2521,-33.11475372314453
2522,-35.573768615722656
2523,-39.081966400146484
2524,48.26229476928711
2525,46.655738830566406
2526,45.01639175415039
2527,43.47541046142578
2528,41.96721267700195
2529,40.196720123291016
2530,38.3934440612793
2531,37.14754104614258
2532,34.62295150756836
2533,33.180328369140625
2534,13.770491600036621
2535,30.721311569213867
2536,11.213114738464355
2537,10
2538,9.147541046142578
2539,7.967213153839111
2540,6.327868938446045
2541,5.901639461517334
2542,4.819672107696533
2543,3.4426229000091553
2544,2.2622950077056885
2545,1.4754098653793335
2546,1.049180269241333
2547,-0.19672131538391113
2548,-0.9180327653884888
2549,-1.2786885499954224
2550,-1.934426188468933
2551,-2.819672107696533
2552,-3.1147541999816895
2553,-3.868852376937866
2554,-4.622951030731201
2555,-5.081967353820801
2556,-5.639344215393066
2557,-6.327868938446045
2558,-6.754098415374756
2559,-7.2131147384643555
2560,-7.803278923034668
2561,-8.393442153930664
2562,-8.754097938537598
2563,-9.409835815429688
2564,-9.770491600036621
2565,-10.032787322998047
2566,-10.9180326461792
2567,-11.213114738464355
2568,-11.475409507751465
2569,-12.754097938537598
2570,-12.426229476928711
2571,-13.540983200073242
2572,-13.803278923034668
2573,-14.098361015319824
2574,-14.295082092285156
2575,-14.426229476928711
2576,-14.786885261535645
2577,-15.0819673538208
2578,-15.016393661499023
2579,-15.31147575378418
2580,-15.672131538391113
2581,-15.901638984680176
2582,-16.295082092285156
2583,-16.590164184570312
2584,-16.819671630859375
2585,-16.754098892211914
2586,-17.04918098449707
2587,-17.31147575378418
2588,-17.081966400146484
2589,-17.540983200073242
2590,-18.032787322998047
2591,-17.540983200073242
2592,-17.409835815429688
2593,-17.8360652923584
2594,-17.967212677001953
2595,-18.098360061645508
2596,-18.655736923217773
2597,-19.04918098449707
2598,-18.721311569213867
2599,-19.213115692138672
2600,-18.983606338500977
2601,-19.442623138427734
2602,-19.73770523071289
2603,-19.73770523071289
2604,-20.131147384643555
2605,-20.131147384643555
2606,-20.295082092285156
2607,-20.52458953857422
2608,-20.655736923217773
2609,-20.754098892211914
2610,-20.983606338500977
2611,-21.081966400146484
2612,-21.245901107788086
2613,-21.213115692138672
2614,-21.278688430786133
2615,-21.57377052307129
2616,-21.508195877075195
2617,-21.47541046142578
2618,-21.344263076782227
2619,-21.901639938354492
2620,-21.80327796936035
2621,-22.1639347076416
2622,-22.065574645996094
2623,-22.393442153930664
2624,-22.459016799926758
2625,-22.68852424621582
2626,-22.852458953857422
2627,-22.26229476928711
2628,-22.918033599853516
2629,-23.081966400146484
2630,-23.245901107788086
2631,-22.754098892211914
2632,-23.37704849243164
2633,-23.245901107788086
2634,-23.639345169067383
2635,-23.37704849243164
2636,-24.131147384643555
2637,-24.065574645996094
2638,-23.704917907714844
2639,-23.80327796936035
2640,-24.491804122924805
2641,-24.098360061645508
2642,-24.1639347076416
2643,-24.065574645996094
2644,-23.868852615356445
2645,-24.557376861572266
2646,-24.491804122924805
2647,-24.229507446289062
2648,-24.819671630859375
2649,-24.721311569213867
2650,-24.655736923217773
2651,-24.557376861572266
2652,-25.04918098449707
2653,-24.918033599853516
2654,-24.786884307861328
2655,-24.95081901550293
2656,-24.786884307861328
2657,-25.31147575378418
2658,-24.754098892211914
2659,-24.721311569213867
2660,-25.37704849243164
2661,-25.245901107788086
2662,-25.147541046142578
2663,-24.983606338500977
2664,-24.852458953857422
2665,-25.213115692138672
2666,-24.62295150756836
2667,-25.278688430786133
2668,-24.557376861572266
2669,-24.590164184570312
2670,-24.88524627685547
2671,-24.491804122924805
2672,-24.19672203063965
2673,-24.229507446289062
2674,-24.557376861572266
2675,-24.819671630859375
2676,-24.590164184570312
2677,-25.278688430786133
2678,-24.983606338500977
2679,-24.983606338500977
2680,-24.983606338500977
2681,-24.819671630859375
2682,-24.852458953857422
2683,-25.016393661499023
2684,-24.852458953857422
2685,-25.344263076782227
2686,-25.540983200073242
2687,-25.442623138427734
2688,-25.442623138427734
2689,-25.508195877075195
2690,-25.80327796936035
2691,-25.8360652923584
2692,-25.901639938354492
2693,-25.967212677001953
2694,-25.934425354003906
2695,-25.934425354003906
2696,-26.032787322998047
2697,-26.19672203063965
2698,-26.26229476928711
2699,-26.327869415283203
2700,-26.327869415283203
2701,-26.360654830932617
2702,-26.360654830932617
2703,-26.295082092285156
2704,-26.26229476928711
2705,-26.098360061645508
2706,-26.098360061645508
2707,-26.131147384643555
2708,-26.131147384643555
2709,-26.098360061645508
2710,-26.065574645996094
2711,-26.065574645996094
2712,-26.131147384643555
2713,-26.42622947692871
2714,-26.393442153930664
2715,-26.52458953857422
2716,-26.52458953857422
2717,-26.786884307861328
2718,-26.852458953857422
2719,-26.918033599853516
2720,-27.04918098449707
2721,-27.11475372314453
2722,-27.147541046142578
2723,-27.213115692138672
2724,-27.147541046142578
2725,-27.344263076782227
2726,-27.213115692138672
2727,-27.245901107788086
2728,-27.213115692138672
2729,-27.344263076782227
2730,-27.278688430786133
2731,-27.278688430786133
2732,-27.344263076782227
2733,-27.11475372314453
2734,-27.278688430786133
2735,-27.278688430786133
2736,-27.344263076782227
2737,-27.11475372314453
2738,-27.11475372314453
2739,-26.852458953857422
2740,-26.459016799926758
2741,-26.590164184570312
2742,-26.491804122924805
2743,-26.098360061645508
2744,-26.295082092285156
2745,-26.327869415283203
2746,-26.295082092285156
2747,-26.19672203063965
2748,-26.327869415283203
2749,-26.295082092285156
2750,-26.42622947692871
2751,-26.131147384643555
2752,-26.655736923217773
2753,-26.819671630859375
2754,-26.852458953857422
2755,-26.983606338500977
2756,-27.344263076782227
2757,-27.47541046142578
2758,-27.508195877075195
2759,-27.934425354003906
2760,-28.26229476928711
2761,-28.459016799926758
2762,-28.62295150756836
2763,-28.786884307861328
2764,-29.11475372314453
2765,-29.11475372314453
2766,-28.983606338500977
2767,-28.819671630859375
2768,-29.016393661499023
2769,-28.88524627685547
2770,-28.42622947692871
2771,-27.639345169067383
2772,-26.360654830932617
2773,-25.31147575378418
2774,-24.655736923217773
2775,-24.327869415283203
2776,-23.704917907714844
2777,-22.88524627685547
2778,-22.52458953857422
2779,-21.37704849243164
2780,-20.229507446289062
2781,-19.11475372314453
2782,-17.934425354003906
2783,-16.655736923217773
2784,-15.245902061462402
2785,-13.672131538391113
2786,-12.360655784606934
2787,-11.213114738464355
2788,-10.229508399963379
2789,-9.114753723144531
2790,-7.803278923034668
2791,-6.196721076965332
2792,-4.65573787689209
2793,-3.147541046142578
2794,-1.5081967115402222
2795,0.19672131538391113
2796,2.0655736923217773
2797,3.672131061553955
2798,4.6885247230529785
2799,5.442623138427734
2800,5.967213153839111
2801,6.295082092285156
2802,7.3114752769470215
2803,8.426229476928711
2804,10.196721076965332
2805,11.967212677001953
2806,13.672131538391113
2807,15.0819673538208
2808,16.655736923217773
2809,18.229507446289062
2810,20.68852424621582
2811,22.131147384643555
2812,23.639345169067383
2813,25.409835815429688
2814,26.88524627685547
2815,27.016393661499023
2816,26.459016799926758
2817,26.295082092285156
2818,26.26229476928711
2819,25.508195877075195
2820,25.934425354003906
2821,34.295082092285156
2822,25.704917907714844
2823,26.131147384643555
2824,26.590164184570312
2825,27.639345169067383
2826,28.393442153930664
2827,29.31147575378418
2828,31.245901107788086
2829,32.295082092285156
2830,33.278690338134766
2831,34.459014892578125
2832,35.86885070800781
2833,41.96721267700195
2834,43.31147384643555
2835,44.196720123291016
2836,-6.754098415374756
2837,-1.3442622423171997
2838,-0.8852459192276001
2839,-0.5573770403862
2840,-0.2950819730758667
2841,18.983606338500977
2842,-0.09836065769195557
2843,49.40983581542969
2844,0.688524603843689
2845,-2.721311569213867
2846,-2.8852458000183105
2847,2.3606557846069336
2848,50.819671630859375
2849,-0.2950819730758667
2850,1.0163934230804443
2851,53.6065559387207
2852,10.26229476928711
2853,11.409835815429688
2854,12.68852424621582
2855,14.065573692321777
2856,-49.11475372314453
2857,-47.573768615722656
2858,19.639345169067383
2859,22.557376861572266
2860,12.229508399963379
2861,-36.68852615356445
2862,-35.37704849243164
2863,-33.01639175415039
2864,-30.098360061645508
2865,-27.409835815429688
2866,-25.180328369140625
2867,-23.180328369140625
2868,-21.73770523071289
2869,-19.245901107788086
2870,-18.065574645996094
2871,-16.26229476928711
2872,14.9180326461792
2873,-15.672131538391113
2874,16.655736923217773
2875,-12.786885261535645
2876,-13.114753723144531
2877,-12.852458953857422
2878,-13.016393661499023
2879,18.754098892211914
2880,-12
2881,-10.26229476928711
2882,-7.475409984588623
2883,-5.3114752769470215
2884,-3.0819671154022217
2885,-1.1475409269332886
2886,-0.19672131538391113
2887,-1.4426229000091553
2888,-3.4426229000091553
2889,-4.4590163230896
2890,-5.34426212310791
2891,-3.6065573692321777
2892,-2.622950792312622
2893,-0.032786883413791656
2894,2.0327868461608887
2895,3.377049207687378
2896,5.3114752769470215
2897,8
2898,8.295082092285156
2899,7.573770523071289
2900,6.393442630767822
2901,5.934426307678223
2902,6.163934230804443
2903,6.65573787689209
2904,5.508196830749512
2905,6.8852458000183105
2906,9.245902061462402
2907,12.032787322998047
2908,14.819672584533691
2909,15.409835815429688
2910,14.819672584533691
2911,15.508196830749512
2912,16.557376861572266
2913,16.26229476928711
2914,16.754098892211914
2915,15.704917907714844
2916,15.836065292358398
2917,18.557376861572266
2918,19.540983200073242
2919,19.934425354003906
2920,20.491804122924805
2921,21.47541046142578
2922,-20.393442153930664
2923,20.491804122924805
2924,19.672130584716797
2925,17.868852615356445
2926,17.409835815429688
2927,17.31147575378418
2928,18.491804122924805
2929,17.47541046142578
2930,16.065574645996094
2931,15.114753723144531
2932,15.213114738464355
2933,-4.7868852615356445
2934,13.0819673538208
2935,15.508196830749512
2936,16.754098892211914
2937,17.606557846069336
2938,17.344263076782227
2939,-3.3114755153656006
2940,16.786884307861328
2941,18.68852424621582
2942,17.901639938354492
2943,17.31147575378418
2944,17.278688430786133
2945,-16.655736923217773
2946,-17.016393661499023
2947,22.1639347076416
2948,14.393442153930664
2949,15.409835815429688
2950,16.721311569213867
2951,28.983606338500977
2952,15.0819673538208
2953,17.770492553710938
2954,15.049180030822754
2955,13.803278923034668
2956,-18.918033599853516
2957,-19.37704849243164
2958,-19.672130584716797
2959,-19.672130584716797
2960,-19.57377052307129
2961,-18.131147384643555
2962,-17.80327796936035
2963,29.770492553710938
2964,-18.229507446289062
2965,-18.19672203063965
2966,22.557376861572266
2967,27.442623138427734
2968,10.721311569213867
2969,19.57377052307129
2970,13.0819673538208
2971,15.31147575378418
2972,28.754098892211914
2973,15.278688430786133
2974,16.393442153930664
2975,16.88524627685547
2976,17.47541046142578
2977,31.80327796936035
2978,30.098360061645508
2979,-18.68852424621582
2980,12.786885261535645
2981,12.032787322998047
2982,7.672131061553955
2983,8.65573787689209
2984,14.885246276855469
2985,14.950819969177246
2986,10.393442153930664
2987,26.327869415283203
2988,8.295082092285156
2989,22.52458953857422
2990,19.540983200073242
2991,19.37704849243164
2992,18.459016799926758
2993,17.37704849243164
2994,15.934426307678223
2995,14.557376861572266
2996,-29.672130584716797
2997,-29.540983200073242
2998,-29.442623138427734
2999,-30.557376861572266
3000,13.442623138427734
3001,-32.52458953857422
3002,-32.75409698486328
3003,11.934426307678223
3004,-33.37704849243164
3005,-32.819671630859375
3006,-32.16393280029297
3007,-31.73770523071289
3008,-32.49180221557617
3009,-2.3606557846069336
3010,-1.6393442153930664
3011,-2.524590253829956
3012,-4.557376861572266
3013,-6.032786846160889
3014,-7.672131061553955
3015,-8.491803169250488
3016,-9.016393661499023
3017,-9.573770523071289
3018,-9.967212677001953
3019,-11.278688430786133
3020,-14.131147384643555
3021,-1.1475409269332886
3022,-2.098360538482666
3023,-2.9180328845977783
3024,-17.901639938354492
3025,-18.360654830932617
3026,-4.6885247230529785
3027,-20.852458953857422
3028,-6.426229476928711
3029,-8
3030,-8.163934707641602
3031,-23.967212677001953
3032,-9.836065292358398
3033,-25.081966400146484
3034,-25.278688430786133
3035,-25.508195877075195
3036,-26.1639347076416
3037,-27.213115692138672
3038,-14.491803169250488
3039,-28.229507446289062
3040,-28.19672203063965
3041,-27.672130584716797
3042,-28
3043,-28.852458953857422
3044,-30.295082092285156
3045,-31.80327796936035
3046,-18.786884307861328
3047,-20.52458953857422
3048,-21.8360652923584
3049,-22.590164184570312
3050,-23.409835815429688
3051,-24.19672203063965
3052,-41.21311569213867
3053,-25.442623138427734
3054,-26.42622947692871
3055,-5.049180507659912
3056,-28.68852424621582
3057,-47.01639175415039
3058,-47.6721305847168
3059,-48.16393280029297
3060,-49.37704849243164
3061,31.47541046142578
3062,30.26229476928711
3063,28.88524627685547
3064,27.47541046142578
3065,21.508195877075195
3066,20.655736923217773
3067,24.19672203063965
3068,23.344263076782227
3069,22.42622947692871
3070,21.409835815429688
3071,2.2622950077056885
3072,1.0819672346115112
3073,17.540983200073242
3074,16.459016799926758
3075,15.245902061462402
3076,13.967212677001953
3077,-29.213115692138672
3078,-31.245901107788086
3079,45.90163803100586
3080,44.36065673828125
3081,42.68852615356445
3082,40.85245895385742
3083,39.24590301513672
3084,37.704917907714844
3085,36.03278732299805
3086,33.934425354003906
3087,32.065574645996094
3088,30.327869415283203
3089,29.147541046142578
3090,27.80327796936035
3091,26.327869415283203
3092,25.11475372314453
3093,5.1147541999816895
3094,22.721311569213867
3095,2.9180328845977783
3096,1.5081967115402222
3097,0.32786884903907776
3098,-0.9180327653884888
3099,-1.9672131538391113
3100,-2.2622950077056885
3101,-2.8852458000183105
3102,-3.1147541999816895
3103,-3.6065573692321777
3104,-4.098360538482666
3105,-4.491803169250488
3106,-5.377048969268799
3107,-6.262295246124268
3108,-6.557376861572266
3109,-6.950819492340088
3110,-7.475409984588623
3111,-8.163934707641602
3112,-8.393442153930664
3113,-9.34426212310791
3114,-9.803278923034668
3115,-10.196721076965332
3116,-10.852458953857422
3117,-11.31147575378418
3118,-11.409835815429688
3119,-11.73770523071289
3120,-12.229508399963379
3121,-11.672131538391113
3122,-12.360655784606934
3123,-12.196721076965332
3124,-11.934426307678223
3125,-12.196721076965332
3126,-12.983606338500977
3127,-12.721311569213867
3128,-12.65573787689209
3129,-12.524590492248535
3130,-12.590164184570312
3131,-12.65573787689209
3132,-12.852458953857422
3133,-12.885246276855469
3134,-13.278688430786133
3135,-13.245902061462402
3136,-13.442623138427734
3137,-13.508196830749512
3138,-13.704917907714844
3139,-13.770491600036621
3140,-13.868852615356445
3141,-13.868852615356445
3142,-13.836065292358398
3143,-13.704917907714844
3144,-13.672131538391113
3145,-14.131147384643555
3146,-14.131147384643555
3147,-14.098361015319824
3148,-14
3149,-14
3150,-14.327868461608887
3151,-14.557376861572266
3152,-14.622950553894043
3153,-14.983606338500977
3154,-14.885246276855469
3155,-15.213114738464355
3156,-15.147541046142578
3157,-15.180327415466309
3158,-15.049180030822754
3159,-14.65573787689209
3160,-14.622950553894043
3161,-14.557376861572266
3162,-15.0819673538208
3163,-14.65573787689209
3164,-14.885246276855469
3165,-15.016393661499023
3166,-15.31147575378418
3167,-15.180327415466309
3168,-15.377049446105957
3169,-15.639344215393066
3170,-15.508196830749512
3171,-15.639344215393066
3172,-16
3173,-15.803278923034668
3174,-15.770491600036621
3175,-15.73770523071289
3176,-16.098360061645508
3177,-16.42622947692871
3178,-16.42622947692871
3179,-16.295082092285156
3180,-16.62295150756836
3181,-16.557376861572266
3182,-16.590164184570312
3183,-16.557376861572266
3184,-16.62295150756836
3185,-16.68852424621582
3186,-16.88524627685547
3187,-16.95081901550293
3188,-16.819671630859375
3189,-16.852458953857422
3190,-16.819671630859375
3191,-16.68852424621582
3192,-17.081966400146484
3193,-16.852458953857422
3194,-17.245901107788086
3195,-16.721311569213867
3196,-16.786884307861328
3197,-17.508195877075195
3198,-17.704917907714844
3199,-17.606557846069336
3200,-17.37704849243164
3201,-17.80327796936035
3202,-17.47541046142578
3203,-17.47541046142578
3204,-17.606557846069336
3205,-17.73770523071289
3206,-17.540983200073242
3207,-17.180328369140625
3208,-17.278688430786133
3209,-17.31147575378418
3210,-17.278688430786133
3211,-17.245901107788086
3212,-17.11475372314453
3213,-17.180328369140625
3214,-17.245901107788086
3215,-17.278688430786133
3216,-17.47541046142578
3217,-17.31147575378418
3218,-17.409835815429688
3219,-17.409835815429688
3220,-17.442623138427734
3221,-17.442623138427734
3222,-17.47541046142578
3223,-17.704917907714844
3224,-17.73770523071289
3225,-18.26229476928711
3226,-18.295082092285156
3227,-18.655736923217773
3228,-18.918033599853516
3229,-19.081966400146484
3230,-19.37704849243164
3231,-19.639345169067383
3232,-19.868852615356445
3233,-20.19672203063965
3234,-20.360654830932617
3235,-21.04918098449707
3236,-20.918033599853516
3237,-21.147541046142578
3238,-21.47541046142578
3239,-21.8360652923584
3240,-22.327869415283203
3241,-22.131147384643555
3242,-22.557376861572266
3243,-22.459016799926758
3244,-22.786884307861328
3245,-22.655736923217773
3246,-23.278688430786133
3247,-23.606557846069336
3248,-23.442623138427734
3249,-23.967212677001953
3250,-23.868852615356445
3251,-24.19672203063965
3252,-24.557376861572266
3253,-24.557376861572266
3254,-24.852458953857422
3255,-25.245901107788086
3256,-25.47541046142578
3257,-25.47541046142578
3258,-25.278688430786133
3259,-24.721311569213867
3260,-24.26229476928711
3261,-23.967212677001953
3262,-23.04918098449707
3263,-22.68852424621582
3264,-22.655736923217773
3265,-22.42622947692871
3266,-22.721311569213867
3267,-22.62295150756836
3268,-22.983606338500977
3269,-23.213115692138672
3270,-23.147541046142578
3271,-23.278688430786133
3272,-23.11475372314453
3273,-23.606557846069336
3274,-23.57377052307129
3275,-23.704917907714844
3276,-24.754098892211914
3277,-24.95081901550293
3278,-25.081966400146484
3279,-25.04918098449707
3280,-24.95081901550293
3281,-24.88524627685547
3282,-24.68852424621582
3283,-24.52458953857422
3284,-24.327869415283203
3285,-24.491804122924805
3286,-24.393442153930664
3287,-24.62295150756836
3288,-24.852458953857422
3289,-24.393442153930664
3290,-24.098360061645508
3291,-24.393442153930664
3292,-24.098360061645508
3293,-24.131147384643555
3294,-24.098360061645508
3295,-24.491804122924805
3296,-25.04918098449707
3297,-25.31147575378418
3298,-26.327869415283203
3299,-26.295082092285156
3300,-27.016393661499023
3301,-27.245901107788086
3302,-27.344263076782227
3303,-27.180328369140625
3304,-27.31147575378418
3305,-27.278688430786133
3306,-27.704917907714844
3307,-27.704917907714844
3308,-28.295082092285156
3309,-28.68852424621582
3310,-28.655736923217773
3311,-28.62295150756836
3312,-28.786884307861328
3313,-28.852458953857422
3314,-28.491804122924805
3315,-29.016393661499023
3316,-29.344263076782227
3317,-29.409835815429688
3318,-29.80327796936035
3319,-29.73770523071289
3320,-29.540983200073242
3321,-29.11475372314453
3322,-28.655736923217773
3323,-28.655736923217773
3324,-28.62295150756836
3325,-29.016393661499023
3326,-29.180328369140625
3327,-29.508195877075195
3328,-29.73770523071289
3329,-29.901639938354492
3330,-30
3331,-30
3332,-29.934425354003906
3333,-29.770492553710938
3334,-29.57377052307129
3335,-29.31147575378418
3336,-28.754098892211914
3337,-27.672130584716797
3338,-27.213115692138672
3339,-26
3340,-24.327869415283203
3341,-23.016393661499023
3342,-21.57377052307129
3343,-19.868852615356445
3344,-18.26229476928711
3345,-16.393442153930664
3346,-15.049180030822754
3347,-13.442623138427734
3348,-11.868852615356445
3349,-10.393442153930664
3350,-8.557376861572266
3351,-6.918032646179199
3352,-5.34426212310791
3353,-3.704918146133423
3354,-2.6557376384735107
3355,-1.6721311807632446
3356,-0.4262295067310333
3357,0.8196721076965332
3358,2.426229476928711
3359,3.7704918384552
3360,5.180327892303467
3361,6.819672107696533
3362,8.557376861572266
3363,10.229508399963379
3364,11.934426307678223
3365,13.442623138427734
3366,14.852458953857422
3367,15.967212677001953
3368,16.819671630859375
3369,17.934425354003906
3370,18.42622947692871
3371,19.081966400146484
3372,20.295082092285156
3373,21.508195877075195
3374,22.52458953857422
3375,23.770492553710938
3376,24.360654830932617
3377,24.786884307861328
3378,24.852458953857422
3379,24.983606338500977
3380,25.901639938354492
3381,26.852458953857422
3382,28.065574645996094
3383,28.983606338500977
3384,30.62295150756836
3385,32.3934440612793
3386,34.655738830566406
3387,36.75409698486328
3388,38.85245895385742
3389,44.295082092285156
3390,-6.196721076965332
3391,-4.426229476928711
3392,-2.852458953857422
3393,-1.8360655307769775
3394,-0.8524590134620667
3395,-0.9508196711540222
3396,-1.049180269241333
3397,-1.2786885499954224
3398,-1.573770523071289
3399,-1.9016393423080444
3400,20.62295150756836
3401,-2.131147623062134
3402,-1.6393442153930664
3403,-2.0327868461608887
3404,-1.6393442153930664
3405,-1.6065573692321777
3406,-0.9508196711540222
3407,17.081966400146484
3408,49.47541046142578
3409,-2.2622950077056885
3410,49.6721305847168
3411,-1.737704873085022
3412,-13.049180030822754
3413,1.4426229000091553
3414,-48.59016418457031